City_ID,City,Country,Date,Lat,Lng,Max Temp,Humidity,Cloudiness,Wind Speed
0,Kungurtug,RU,2022-07-18 13:06:44,50.5994,97.5228,60.13,81,36,3.47
1,Hasaki,JP,2022-07-18 13:05:29,35.7333,140.8333,79.29,82,100,10.71
2,Hilo,US,2022-07-18 13:02:41,19.7297,-155.09,79.29,100,100,3.44
3,Mataura,NZ,2022-07-18 13:06:45,-46.1927,168.8643,48.47,97,100,3.44
4,Atasu,KZ,2022-07-18 13:06:46,48.6814,71.6433,82.08,30,98,9.8
5,Ushuaia,AR,2022-07-18 13:02:40,-54.8,-68.3,25.27,95,40,7.09
6,Yurty,RU,2022-07-18 13:06:46,56.0498,97.6348,59.16,92,100,5.17
7,Lebu,CL,2022-07-18 13:06:47,-37.6167,-73.65,42.15,81,98,6.55
8,Kapaa,US,2022-07-18 13:06:47,22.0752,-159.319,77.32,87,75,9.22
9,Rikitea,PF,2022-07-18 13:06:48,-23.1203,-134.9692,73.38,79,100,11.25
10,Ahipara,NZ,2022-07-18 13:06:48,-35.1667,173.1667,55.31,87,98,8.79
11,Carnarvon,AU,2022-07-18 13:06:48,-24.8667,113.6333,66.78,63,0,12.35
12,Taksimo,RU,2022-07-18 13:06:49,56.3444,114.8794,61.61,85,100,1.48
13,Esperance,AU,2022-07-18 13:06:49,-33.8667,121.9,53.44,88,100,4.54
14,Nikolskoye,RU,2022-07-18 13:05:25,59.7035,30.7861,64.87,64,78,8.14
15,Saint George,US,2022-07-18 13:00:18,37.1041,-113.5841,86.63,37,0,16.11
16,Serebryansk,KZ,2022-07-18 13:06:50,49.6925,83.2892,69.31,40,0,18.34
17,Rio Gallegos,AR,2022-07-18 13:05:58,-51.6226,-69.2181,29.23,85,98,12.66
18,Vaini,TO,2022-07-18 13:03:59,-21.2,-175.2,75.36,88,20,9.22
19,Tayu,ID,2022-07-18 13:06:52,-6.5397,111.0518,78.96,84,100,6.58
20,Nouadhibou,MR,2022-07-18 13:06:52,20.931,-17.0347,69.66,84,3,17.25
21,Busselton,AU,2022-07-18 13:04:45,-33.65,115.3333,56.03,80,56,8.63
22,Tual,ID,2022-07-18 13:06:53,-5.6667,132.75,79.07,83,60,19.62
23,Port Alfred,ZA,2022-07-18 13:04:08,-33.5906,26.891,72.18,50,2,4.0
24,Hobart,AU,2022-07-18 13:02:46,-42.8794,147.3294,40.86,86,75,9.22
25,Bluff,NZ,2022-07-18 13:05:14,-46.6,168.3333,48.79,83,100,14.61
26,Lagoa,PT,2022-07-18 13:03:09,39.05,-27.9833,71.67,92,0,7.92
27,Albany,US,2022-07-18 13:02:36,42.6001,-73.9662,72.95,91,100,3.8
28,Jamestown,US,2022-07-18 13:00:29,42.097,-79.2353,69.44,96,100,12.66
29,New Norfolk,AU,2022-07-18 13:02:47,-42.7826,147.0587,40.5,82,21,3.2
30,Barrow,US,2022-07-18 13:03:59,71.2906,-156.7887,37.42,93,100,14.97
31,Provideniya,RU,2022-07-18 13:06:55,64.3833,-173.3,42.57,71,100,25.75
32,Sobolevo,RU,2022-07-18 13:06:55,54.4299,31.8996,65.32,56,30,11.61
33,Key West,US,2022-07-18 13:06:56,24.5557,-81.7826,91.4,68,40,12.66
34,Kaeo,NZ,2022-07-18 13:06:56,-35.1,173.7833,51.33,96,94,8.1
35,Atuona,PF,2022-07-18 13:04:04,-9.8,-139.0333,77.76,67,90,18.25
36,Cuenca,EC,2022-07-18 13:06:57,-2.8833,-78.9833,53.42,98,100,4.61
37,Anchorage,US,2022-07-18 13:04:18,61.2181,-149.9003,57.52,80,100,13.8
38,Longyearbyen,SJ,2022-07-18 13:03:56,78.2186,15.6401,53.44,62,40,18.41
39,Whitehorse,CA,2022-07-18 13:06:58,60.7161,-135.0538,51.31,67,100,18.99
40,Yellowknife,CA,2022-07-18 13:02:07,62.456,-114.3525,59.56,87,8,3.0
41,College,US,2022-07-18 13:06:58,64.8569,-147.8028,55.38,84,75,6.91
42,Andros Town,BS,2022-07-18 13:06:59,24.7,-77.7667,84.16,70,90,16.98
43,Kouango,CF,2022-07-18 13:08:00,4.9934,19.9619,79.34,84,100,6.13
44,Souillac,MU,2022-07-18 13:08:00,-20.5167,57.5167,70.18,60,40,21.85
45,Meulaboh,ID,2022-07-18 13:08:01,4.1363,96.1285,80.22,73,80,0.85
46,Cape Town,ZA,2022-07-18 13:08:01,-33.9258,18.4232,62.11,85,88,5.99
47,Sibu,MY,2022-07-18 13:08:02,2.3,111.8167,77.59,83,100,1.5
48,Bengkulu,ID,2022-07-18 13:08:03,-3.8004,102.2655,79.43,83,3,3.78
49,Mount Gambier,AU,2022-07-18 13:08:03,-37.8333,140.7667,39.11,93,99,0.0
50,Ostrovnoy,RU,2022-07-18 13:08:04,68.0531,39.5131,55.94,87,100,10.36
51,Ribeira Grande,PT,2022-07-18 13:05:10,38.5167,-28.7,75.6,88,75,9.22
52,Pillaro,EC,2022-07-18 13:08:04,-1.1667,-78.5333,52.38,94,100,0.0
53,Shimoda,JP,2022-07-18 13:08:05,34.6667,138.95,79.23,85,100,17.49
54,Kavaratti,IN,2022-07-18 13:05:17,10.5669,72.642,80.87,79,100,23.71
55,East London,ZA,2022-07-18 13:02:27,-33.0153,27.9116,75.7,40,7,8.93
56,Punta Arenas,CL,2022-07-18 13:00:49,-53.15,-70.9167,33.12,86,100,18.05
57,Portland,US,2022-07-18 13:06:43,45.5234,-122.6762,56.44,88,100,1.99
58,Tasiilaq,GL,2022-07-18 13:02:40,65.6145,-37.6368,51.96,83,93,5.77
59,Ponta Do Sol,PT,2022-07-18 13:08:06,32.6667,-17.1,76.12,71,6,2.59
60,Sola,VU,2022-07-18 13:01:22,-13.8833,167.55,80.37,79,27,21.36
61,Cody,US,2022-07-18 13:08:08,44.5263,-109.0565,73.62,48,20,11.5
62,Bredasdorp,ZA,2022-07-18 13:08:08,-34.5322,20.0403,58.91,78,95,8.88
63,Hermanus,ZA,2022-07-18 13:02:44,-34.4187,19.2345,56.8,85,99,5.77
64,Barcelos,PT,2022-07-18 13:08:09,41.5388,-8.6151,81.91,56,1,11.32
65,Mount Isa,AU,2022-07-18 13:08:09,-20.7333,139.5,55.17,62,0,4.61
66,Qasigiannguit,GL,2022-07-18 13:08:10,68.8193,-51.1922,46.65,79,94,1.48
67,Milkovo,RU,2022-07-18 13:08:10,54.7167,158.6167,64.0,76,7,1.72
68,Ahuimanu,US,2022-07-18 13:08:10,21.4447,-157.8378,78.51,75,75,14.97
69,Deputatskiy,RU,2022-07-18 13:08:11,69.3,139.9,54.39,56,100,4.68
70,Pouebo,NC,2022-07-18 13:08:12,-20.4,164.5667,72.34,90,56,11.25
71,Dingle,PH,2022-07-18 13:08:12,10.9995,122.6711,75.69,93,100,2.53
72,Chokurdakh,RU,2022-07-18 13:08:13,70.6333,147.9167,47.64,57,100,8.08
73,Dikson,RU,2022-07-18 13:08:13,73.5069,80.5464,48.24,66,0,10.07
74,Riyadh,SA,2022-07-18 13:08:13,24.6877,46.7219,111.34,7,10,11.3
75,Severo-Kurilsk,RU,2022-07-18 13:08:14,50.6789,156.125,53.26,96,74,3.33
76,Mahebourg,MU,2022-07-18 13:08:14,-20.4081,57.7,70.25,60,40,21.85
77,Avarua,CK,2022-07-18 13:05:18,-21.2078,-159.775,71.65,78,40,6.91
78,Nishihara,JP,2022-07-18 13:08:16,26.1842,127.7558,83.86,89,75,12.66
79,Tuktoyaktuk,CA,2022-07-18 13:04:09,69.4541,-133.0374,53.35,76,96,13.58
80,Butaritari,KI,2022-07-18 13:02:35,3.0707,172.7902,82.47,76,4,16.96
81,Kodiak,US,2022-07-18 13:01:08,57.79,-152.4072,51.51,80,100,8.55
82,Banamba,ML,2022-07-18 13:08:17,13.55,-7.45,89.74,47,79,6.49
83,Saskylakh,RU,2022-07-18 13:08:18,71.9167,114.0833,56.59,60,100,10.33
84,Chingirlau,KZ,2022-07-18 13:08:18,51.095,54.0814,96.42,23,100,17.72
85,Svetlogorsk,BY,2022-07-18 13:08:19,52.6333,29.7333,66.94,54,95,9.53
86,Thompson,CA,2022-07-18 13:02:50,55.7435,-97.8558,55.56,94,100,4.61
87,Berlevag,NO,2022-07-18 13:09:19,70.8578,29.0864,67.8,77,94,13.8
88,Bethel,US,2022-07-18 13:09:05,41.3712,-73.414,76.46,91,100,0.0
89,Batemans Bay,AU,2022-07-18 13:09:20,-35.7167,150.1833,43.7,76,8,8.72
90,Necochea,AR,2022-07-18 13:09:21,-38.5473,-58.7368,47.84,60,74,18.32
91,Alice Springs,AU,2022-07-18 13:09:21,-23.7,133.8833,45.95,29,16,4.61
92,Cidreira,BR,2022-07-18 13:09:22,-30.1811,-50.2056,58.69,74,5,14.58
93,Asfi,MA,2022-07-18 13:09:22,32.2994,-9.2372,76.19,70,62,20.0
94,Aklavik,CA,2022-07-18 13:09:23,68.2191,-135.0107,60.28,79,96,5.66
95,Kieta,PG,2022-07-18 13:09:23,-6.2167,155.6333,78.87,83,9,4.63
96,Touros,BR,2022-07-18 13:09:24,-5.1989,-35.4608,82.24,58,24,14.97
97,Mar Del Plata,AR,2022-07-18 13:00:31,-38.0023,-57.5575,48.09,62,100,8.99
98,Grindavik,IS,2022-07-18 13:09:25,63.8424,-22.4338,52.27,82,75,0.0
99,Pionerskiy,RU,2022-07-18 13:09:25,54.9508,20.2275,66.74,75,100,17.85
100,Kruisfontein,ZA,2022-07-18 13:09:26,-34.0033,24.7314,66.88,48,0,9.1
101,Oktyabrskoye,RU,2022-07-18 13:09:26,43.0645,44.7417,86.14,43,75,6.71
102,Castro,BR,2022-07-18 13:05:19,-24.7911,-50.0119,55.98,95,100,5.17
103,Egvekinot,RU,2022-07-18 13:09:27,66.3167,-179.1667,32.05,65,29,7.14
104,Rodrigues Alves,BR,2022-07-18 13:09:27,-7.738,-72.6509,72.84,97,100,3.11
105,Bushehr,IR,2022-07-18 13:09:28,28.9684,50.8385,95.34,54,6,6.51
106,Pampas,PE,2022-07-18 13:09:28,-12.4,-74.9,48.18,82,100,3.94
107,Khatanga,RU,2022-07-18 13:05:24,71.9667,102.5,58.91,66,100,5.77
108,Saint-Philippe,RE,2022-07-18 13:04:01,-21.3585,55.7679,71.19,72,91,16.51
109,Caravelas,BR,2022-07-18 13:09:29,-17.7125,-39.2481,78.24,59,5,9.84
110,Tabou,CI,2022-07-18 13:09:29,4.423,-7.3528,77.68,72,91,11.34
111,Cayenne,GF,2022-07-18 13:09:30,4.9333,-52.3333,85.08,1,75,4.61
112,Cabo San Lucas,MX,2022-07-18 13:09:30,22.8909,-109.9124,83.52,72,10,4.0
113,Henties Bay,NA,2022-07-18 13:09:31,-22.116,14.2845,72.66,46,0,8.1
114,Arys,KZ,2022-07-18 13:09:31,42.4252,68.795,100.0,15,0,21.45
115,Upernavik,GL,2022-07-18 13:02:46,72.7868,-56.1549,40.8,81,100,2.98
116,Pevek,RU,2022-07-18 13:05:11,69.7008,170.3133,31.78,83,100,11.92
117,Carmelo,UY,2022-07-18 13:09:32,-33.9892,-58.2856,48.79,70,0,9.69
118,Tiksi,RU,2022-07-18 13:09:32,71.6872,128.8694,38.41,92,98,7.9
119,Dunedin,NZ,2022-07-18 13:02:50,-45.8742,170.5036,54.81,61,100,4.0
120,Hithadhoo,MV,2022-07-18 13:09:33,-0.6,73.0833,82.02,75,100,15.3
121,Rio Grande,BR,2022-07-18 13:05:18,-32.035,-52.0986,53.71,73,0,6.29
122,Beyneu,KZ,2022-07-18 13:09:34,45.3167,55.2,110.86,9,0,15.17
123,Champerico,GT,2022-07-18 13:09:34,14.3,-91.9167,77.54,82,100,5.08
124,Beaverlodge,CA,2022-07-18 13:09:35,55.2166,-119.4361,51.98,71,28,7.0
125,Sambava,MG,2022-07-18 13:09:35,-14.2667,50.1667,71.17,81,97,19.04
126,Manokwari,ID,2022-07-18 13:09:36,-0.8667,134.0833,79.3,78,15,0.2
127,Saint Anthony,US,2022-07-18 13:09:36,45.0205,-93.218,77.95,84,40,5.75
128,Bathsheba,BB,2022-07-18 13:09:37,13.2167,-59.5167,84.81,80,40,18.41
129,Kahului,US,2022-07-18 13:09:37,20.8947,-156.47,76.84,73,0,13.0
130,Scottsbluff,US,2022-07-18 13:10:38,41.8666,-103.6672,80.29,46,0,6.91
131,Cache Creek,CA,2022-07-18 13:10:38,50.8101,-121.3246,52.92,87,14,3.85
132,Kavieng,PG,2022-07-18 13:10:38,-2.5744,150.7967,83.03,76,100,13.56
133,Cockburn Town,TC,2022-07-18 13:10:39,21.4612,-71.1419,82.36,74,40,16.11
134,Kisaran,ID,2022-07-18 13:10:39,2.9845,99.6158,78.76,90,100,2.93
135,Acajutla,SV,2022-07-18 13:10:40,13.5928,-89.8275,79.83,70,100,4.27
136,Hobe Sound,US,2022-07-18 13:07:53,27.0595,-80.1364,86.99,74,9,6.8
137,Darnah,LY,2022-07-18 13:10:40,32.767,22.6367,82.67,62,0,16.75
138,Mercedes,AR,2022-07-18 13:09:22,-34.6515,-59.4307,45.95,62,0,9.04
139,Vila Velha,BR,2022-07-18 13:09:35,-20.3297,-40.2925,78.75,76,40,4.61
140,Waipawa,NZ,2022-07-18 13:10:41,-41.4122,175.5153,51.94,65,99,18.41
141,Yerbogachen,RU,2022-07-18 13:10:42,61.2767,108.0108,64.27,74,5,3.29
142,Norman Wells,CA,2022-07-18 13:10:42,65.282,-126.8329,60.44,76,100,4.05
143,Tsumeb,NA,2022-07-18 13:10:42,-19.2333,17.7167,72.32,16,0,10.29
144,Ilulissat,GL,2022-07-18 13:04:07,69.2167,-51.1,46.42,76,75,5.75
145,Santa Maria,BR,2022-07-18 13:10:43,-29.6842,-53.8069,50.34,77,0,4.23
146,Lorengau,PG,2022-07-18 13:10:44,-2.0226,147.2712,80.87,76,100,1.97
147,Tacoronte,ES,2022-07-18 13:10:44,28.4769,-16.4102,81.34,69,40,18.41
148,Camopi,GF,2022-07-18 13:10:45,3.1655,-52.3158,79.65,80,95,3.6
149,Pokhara,NP,2022-07-18 13:08:07,28.2333,83.9833,76.05,95,99,1.9
150,Sherlovaya Gora,RU,2022-07-18 13:10:45,50.5667,116.25,63.72,56,90,1.41
151,Arraial Do Cabo,BR,2022-07-18 13:02:42,-22.9661,-42.0278,72.68,81,98,6.96
152,Pomi,RO,2022-07-18 13:10:46,47.7,23.3167,80.74,28,0,9.22
153,Saint-Francois,FR,2022-07-18 13:10:47,46.4154,3.9054,92.68,29,0,5.75
154,Saryozek,KZ,2022-07-18 13:10:47,44.3583,77.9753,81.99,28,0,13.49
155,Georgetown,MY,2022-07-18 13:10:39,5.4112,100.3354,85.95,80,20,0.0
156,Ibra,OM,2022-07-18 13:10:48,22.6906,58.5334,88.25,56,100,9.04
157,Imbituba,BR,2022-07-18 13:10:37,-28.24,-48.6703,61.86,87,84,5.99
158,Paracuru,BR,2022-07-18 13:10:48,-3.41,-39.0306,82.11,59,58,15.97
159,Ilan,TW,2022-07-18 13:06:11,24.757,121.753,90.01,86,100,0.29
160,Praia Da Vitoria,PT,2022-07-18 13:10:49,38.7333,-27.0667,75.76,89,24,9.71
161,Waingapu,ID,2022-07-18 13:10:50,-9.6567,120.2641,73.85,82,20,9.28
162,Sorong,ID,2022-07-18 13:10:52,-0.8833,131.25,79.43,82,88,4.32
163,La Ronge,CA,2022-07-18 13:10:52,55.1001,-105.2842,60.69,76,0,3.13
164,Harlingen,US,2022-07-18 13:10:38,26.1906,-97.6961,82.89,96,0,8.05
165,Port Elizabeth,ZA,2022-07-18 13:09:52,-33.918,25.5701,69.1,84,75,11.5
166,Shemysheyka,RU,2022-07-18 13:10:53,52.892,45.3928,70.7,81,83,14.65
167,Pringsewu,ID,2022-07-18 13:10:15,-5.3582,104.9744,74.8,96,7,1.68
168,Dharmanagar,IN,2022-07-18 13:07:07,24.3667,92.1667,78.42,95,100,4.52
169,Sao Gotardo,BR,2022-07-18 13:10:54,-19.3111,-46.0489,72.63,41,0,9.31
170,Erbaa,TR,2022-07-18 13:10:55,40.6689,36.5675,75.29,78,95,6.58
171,Biabou,VC,2022-07-18 13:10:55,13.2,-61.1333,80.71,78,100,15.32
172,Codrington,AU,2022-07-18 13:02:47,-38.2667,141.9667,48.13,67,100,6.64
173,Yaan,NG,2022-07-18 13:10:56,7.3833,8.5667,86.81,52,70,5.55
174,Saint Marys,US,2022-07-18 13:10:00,30.7305,-81.5465,82.51,90,0,8.05
175,Tongchuan,CN,2022-07-18 13:10:57,35.0806,109.0897,74.84,46,83,3.44
176,Ouesso,CG,2022-07-18 13:11:58,1.6136,16.0517,72.7,95,100,4.07
177,Husavik,IS,2022-07-18 13:10:41,66.0449,-17.3389,52.57,72,72,8.34
178,Turayf,SA,2022-07-18 13:11:58,31.6725,38.6637,100.31,12,42,8.34
179,Teya,RU,2022-07-18 13:11:59,60.3778,92.6267,56.59,96,100,8.84
180,Bay Roberts,CA,2022-07-18 13:11:59,47.5999,-53.2648,74.05,67,5,8.99
181,Coquimbo,CL,2022-07-18 13:12:00,-29.9533,-71.3436,51.53,66,0,0.0
182,Mier,MX,2022-07-18 13:12:00,26.4333,-99.15,79.03,76,53,10.31
183,Buraydah,SA,2022-07-18 13:11:42,26.326,43.975,109.65,6,93,8.9
184,Fougamou,GA,2022-07-18 13:12:01,-1.2154,10.5838,91.53,40,61,4.43
185,Bouna,CI,2022-07-18 13:12:01,9.2667,-3.0,78.96,67,99,8.95
186,Kybartai,LT,2022-07-18 13:12:02,54.6386,22.7632,59.76,93,100,11.63
187,Puerto Ayora,EC,2022-07-18 12:59:49,-0.7393,-90.3518,67.55,96,97,3.0
188,Saldanha,ZA,2022-07-18 13:12:03,-33.0117,17.9442,59.29,84,88,12.44
189,Edgewater,US,2022-07-18 13:12:03,28.9889,-80.9023,82.11,80,14,7.45
190,Kamaishi,JP,2022-07-18 13:12:04,39.2667,141.8833,72.48,87,88,4.59
191,Vardo,NO,2022-07-18 13:02:45,70.3705,31.1107,60.78,77,20,6.91
192,Margate,GB,2022-07-18 13:12:04,51.3813,1.3862,92.1,44,20,9.75
193,Nanortalik,GL,2022-07-18 13:12:05,60.1432,-45.2371,45.64,81,56,8.46
194,Udachnyy,RU,2022-07-18 13:12:05,66.4167,112.4,53.46,93,100,6.4
195,Salinopolis,BR,2022-07-18 13:12:06,-0.6136,-47.3561,82.06,75,97,11.43
196,Vanimo,PG,2022-07-18 13:12:06,-2.6741,141.3028,78.1,85,100,2.57
197,Baker City,US,2022-07-18 13:09:18,44.7749,-117.8344,51.6,69,0,5.75
198,Iqaluit,CA,2022-07-18 13:01:22,63.7506,-68.5145,40.69,86,100,3.31
199,Tailai,CN,2022-07-18 13:12:07,46.3833,123.4,69.91,85,14,6.78
200,Qaanaaq,GL,2022-07-18 13:05:20,77.484,-69.3632,43.21,62,94,5.44
201,Yar-Sale,RU,2022-07-18 13:11:25,66.8333,70.8333,71.8,42,100,4.99
202,Kailua,US,2022-07-18 13:11:02,21.4022,-157.7394,78.78,80,75,13.8
203,Puerto Leguizamo,CO,2022-07-18 13:12:08,-0.1934,-74.7819,73.22,95,83,1.43
204,Morecambe,GB,2022-07-18 13:12:09,54.0684,-2.8611,92.8,48,57,8.01
205,Beringovskiy,RU,2022-07-18 13:12:09,63.05,179.3167,46.35,68,23,9.26
206,Wukari,NG,2022-07-18 13:08:14,7.85,9.7833,86.11,54,100,4.56
207,Alta Floresta,BR,2022-07-18 13:09:49,-9.8756,-56.0861,82.51,31,0,6.33
208,Port Hawkesbury,CA,2022-07-18 13:12:11,45.6169,-61.3485,80.89,73,100,4.0
209,Valdivia,CL,2022-07-18 13:07:37,-39.8142,-73.2459,33.89,97,24,2.15
210,Kuching,MY,2022-07-18 13:12:11,1.55,110.3333,82.62,83,20,1.14
211,El Tarra,CO,2022-07-18 13:12:12,8.5756,-73.0949,77.81,91,100,1.16
212,Ntchisi,MW,2022-07-18 13:12:12,-13.5278,33.9149,65.91,43,78,7.09
213,Lavrentiya,RU,2022-07-18 13:02:52,65.5833,-171.0,38.17,70,99,21.81
214,Corinto,GR,2022-07-18 13:12:13,37.9407,22.9573,93.42,34,0,1.99
215,Asau,RO,2022-07-18 13:12:13,46.4333,26.4,82.96,31,23,6.42
216,Sayyan,YE,2022-07-18 13:12:14,15.1718,44.3244,76.77,24,88,11.79
217,Mecca,SA,2022-07-18 13:12:14,21.4267,39.8261,103.78,13,6,17.52
218,Lawrenceburg,US,2022-07-18 13:07:16,38.0373,-84.8966,71.49,95,100,8.05
219,Masuguru,TZ,2022-07-18 13:12:15,-11.3667,38.4167,82.62,42,98,7.52
220,Ingham,US,2022-07-18 13:12:16,42.6,-84.3833,73.02,87,0,8.05
221,Ilo,PE,2022-07-18 13:12:16,-17.6394,-71.3375,61.66,77,100,0.0
222,Bambous Virieux,MU,2022-07-18 13:12:16,-20.3428,57.7575,70.21,60,40,21.85
223,Flinders,AU,2022-07-18 13:12:17,-34.5833,150.8552,52.18,76,99,7.0
224,Najran,SA,2022-07-18 13:13:17,17.4924,44.1277,97.77,9,100,10.27
225,Talaya,RU,2022-07-18 13:13:18,61.3833,152.75,61.65,83,85,5.64
226,Kiunga,PG,2022-07-18 13:10:41,-6.1219,141.2906,72.07,99,100,1.81
227,Voi,KE,2022-07-18 13:13:19,-3.3945,38.563,78.28,49,97,17.87
228,Vao,NC,2022-07-18 13:13:19,-22.6667,167.4833,73.6,87,89,13.73
229,Victoria,HK,2022-07-18 13:09:34,22.2855,114.1577,88.18,84,100,8.01
230,Airai,TL,2022-07-18 13:13:20,-8.9266,125.4092,53.92,86,100,2.39
231,Waddan,LY,2022-07-18 13:13:20,29.1614,16.139,97.61,19,0,22.95
232,Joshimath,IN,2022-07-18 13:13:21,30.5667,79.5667,75.16,92,85,3.0
233,Havre-Saint-Pierre,CA,2022-07-18 13:13:21,50.2334,-63.5986,61.16,82,100,12.66
234,Phatthalung,TH,2022-07-18 13:13:22,7.5,100.0833,81.34,80,48,3.22
235,Kirkwood,US,2022-07-18 13:13:22,38.5834,-90.4068,73.58,96,8,1.99
236,Kilis,TR,2022-07-18 13:13:23,36.7161,37.115,100.63,14,0,12.37
237,Xingyi,CN,2022-07-18 13:13:23,24.1877,102.817,67.64,90,100,4.25
238,Lishui,CN,2022-07-18 13:13:24,28.4604,119.9103,79.68,96,100,2.33
239,Iquique,CL,2022-07-18 13:13:24,-20.2208,-70.1431,57.24,65,10,4.12
240,Torbay,CA,2022-07-18 13:13:25,47.6666,-52.7314,73.27,67,69,14.23
241,Usinsk,RU,2022-07-18 13:13:25,65.9939,57.5281,75.04,57,26,6.73
242,Dwarka,IN,2022-07-18 13:13:26,22.2394,68.9678,82.9,80,71,13.76
243,Los Llanos De Aridane,ES,2022-07-18 13:13:26,28.6585,-17.9182,73.15,84,20,16.11
244,Tessalit,ML,2022-07-18 13:13:27,20.1986,1.0114,101.37,23,9,7.94
245,Port Lincoln,AU,2022-07-18 13:13:27,-34.7333,135.8667,52.7,60,100,9.55
246,Luanda,AO,2022-07-18 13:13:28,-8.8368,13.2343,73.4,78,75,9.22
247,Inhambane,MZ,2022-07-18 13:13:28,-23.865,35.3833,74.79,68,6,6.64
248,Clyde River,CA,2022-07-18 13:13:29,70.4692,-68.5914,42.31,75,10,7.02
249,Kaitangata,NZ,2022-07-18 13:13:29,-46.2817,169.8464,47.28,95,100,4.97
250,Nicoya,CR,2022-07-18 13:13:30,10.1483,-85.452,76.53,89,81,1.86
251,Dharchula,IN,2022-07-18 13:13:30,29.85,80.5333,78.46,90,46,2.35
252,Sinnamary,GF,2022-07-18 13:11:51,5.3833,-52.95,79.48,86,82,6.15
253,Santiago Del Estero,AR,2022-07-18 13:10:14,-27.7951,-64.2615,51.3,46,0,7.14
254,Princesa Isabel,BR,2022-07-18 13:13:31,-7.7367,-37.9933,76.05,49,15,11.56
255,San Patricio,US,2022-07-18 13:11:30,28.017,-97.5169,85.89,85,10,4.54
256,Katsuura,JP,2022-07-18 13:05:21,35.1333,140.3,78.64,83,100,18.23
257,Sarankhola,BD,2022-07-18 13:13:32,22.3082,89.7897,83.44,79,45,7.87
258,Faya,SA,2022-07-18 13:13:32,18.3851,42.4509,82.92,24,76,13.38
259,Micheweni,TZ,2022-07-18 13:13:33,-4.9667,39.8333,78.33,70,28,12.88
260,Saurimo,AO,2022-07-18 13:11:02,-9.6608,20.3916,86.5,17,49,5.26
261,Chara,RU,2022-07-18 13:13:34,56.9064,118.2631,57.7,92,100,2.86
262,Taos,US,2022-07-18 13:09:02,36.4072,-105.5731,63.0,58,0,3.44
263,Dubovyy Umet,RU,2022-07-18 13:13:35,52.9763,50.2857,87.24,47,89,8.32
264,Bavleny,RU,2022-07-18 13:13:35,56.4,39.56,56.12,94,100,7.92
265,Cerrito,CO,2022-07-18 13:13:36,6.8432,-72.694,54.45,88,100,3.83
266,Srednekolymsk,RU,2022-07-18 13:13:36,67.45,153.6833,57.38,49,100,4.81
267,Ust-Tsilma,RU,2022-07-18 13:13:36,65.441,52.1498,78.87,33,100,4.88
268,Geraldton,AU,2022-07-18 13:13:37,-28.7667,114.6,52.21,93,95,8.05
269,Brae,GB,2022-07-18 13:13:37,60.3964,-1.353,56.08,75,100,7.78
270,Ostuni,IT,2022-07-18 13:09:31,40.7276,17.5764,94.24,36,0,8.88
271,Romny,UA,2022-07-18 13:13:38,50.751,33.4747,70.61,48,38,11.77
272,Calvinia,ZA,2022-07-18 13:14:38,-31.4707,19.776,69.93,24,6,22.26
273,Constitucion,CL,2022-07-18 13:14:39,-35.3333,-72.4167,48.06,87,88,5.28
274,Guarapari,BR,2022-07-18 13:14:39,-20.6667,-40.4975,75.88,60,5,3.38
275,Byron Bay,AU,2022-07-18 13:14:40,-28.65,153.6167,52.72,65,0,10.83
276,Verkhnevilyuysk,RU,2022-07-18 13:14:40,63.4453,120.3167,64.0,87,100,5.77
277,Arman,RU,2022-07-18 13:14:41,59.7,150.1667,57.02,92,100,4.29
278,Collie,AU,2022-07-18 13:14:41,-33.3667,116.15,48.52,94,18,4.47
279,Te Anau,NZ,2022-07-18 13:11:27,-45.4167,167.7167,45.09,95,100,2.71
280,Lakes Entrance,AU,2022-07-18 13:14:42,-37.8811,147.981,43.16,74,100,3.2
281,Kaohsiung,TW,2022-07-18 13:14:43,22.6163,120.3133,86.04,83,75,5.99
282,Bam,IR,2022-07-18 13:14:43,29.106,58.357,102.83,5,0,13.29
283,Hirara,JP,2022-07-18 13:05:28,24.8,125.2833,84.79,85,100,19.62
284,Lompoc,US,2022-07-18 13:14:44,34.6391,-120.4579,59.56,93,0,4.61
285,Jibuti,DJ,2022-07-18 13:14:44,11.5,42.5,99.36,22,11,8.66
286,Noumea,NC,2022-07-18 13:11:50,-22.2763,166.4572,75.0,99,100,5.19
287,Acapulco,MX,2022-07-18 13:14:45,16.8634,-99.8901,78.62,83,75,0.0
288,Kiama,AU,2022-07-18 13:05:14,-34.6833,150.8667,53.01,83,100,5.99
289,Burgeo,CA,2022-07-18 13:14:46,47.6167,-57.6152,64.22,86,42,6.82
290,Inirida,CO,2022-07-18 13:14:46,3.8653,-67.9239,76.33,93,100,2.46
291,Talnakh,RU,2022-07-18 13:05:15,69.4865,88.3972,67.21,46,100,5.55
292,Alma,CA,2022-07-18 13:11:51,48.5501,-71.6491,71.91,71,70,4.9
293,Alofi,NU,2022-07-18 13:14:47,-19.0595,-169.9187,71.49,94,40,13.8
294,Port-Gentil,GA,2022-07-18 13:14:47,-0.7193,8.7815,76.96,78,100,16.11
295,Seoul,KR,2022-07-18 13:12:47,37.5683,126.9778,78.24,73,100,3.71
296,Hambantota,LK,2022-07-18 13:14:48,6.1241,81.1185,82.76,72,89,20.78
297,Qaqortoq,GL,2022-07-18 13:11:25,60.7167,-46.0333,47.64,74,79,3.69
298,Kemijarvi,FI,2022-07-18 13:14:49,66.7131,27.4306,60.01,61,100,8.32
299,Taoudenni,ML,2022-07-18 13:14:49,22.6783,-3.9836,110.19,5,0,5.48
300,Mitsamiouli,KM,2022-07-18 13:14:50,-11.3847,43.2844,77.45,70,29,7.58
301,Anadyr,RU,2022-07-18 13:14:50,64.75,177.4833,44.49,60,99,27.54
302,Estevan,CA,2022-07-18 13:14:46,49.1334,-102.9842,66.54,74,35,6.55
303,Hollins,US,2022-07-18 13:14:51,37.3413,-79.9431,80.53,85,20,1.01
304,Ambon,ID,2022-07-18 13:14:52,-3.6954,128.1814,77.23,15,75,2.3
305,Severobaykalsk,RU,2022-07-18 13:14:52,55.65,109.3167,56.73,69,1,3.06
306,Murmashi,RU,2022-07-18 13:14:52,68.8154,32.8115,69.42,46,75,8.99
307,Hobyo,SO,2022-07-18 13:14:53,5.3505,48.5268,80.65,64,99,30.74
308,Tautira,PF,2022-07-18 13:14:53,-17.7333,-149.15,74.97,73,53,7.11
309,Macia,MZ,2022-07-18 13:14:54,-25.0269,33.0989,73.44,66,71,2.75
310,Balabac,PH,2022-07-18 13:14:54,7.9868,117.0645,80.42,79,100,2.68
311,Nieuw Amsterdam,SR,2022-07-18 13:14:55,5.8833,-55.0833,86.02,75,20,5.75
312,Constantine,DZ,2022-07-18 13:14:55,36.365,6.6147,99.81,13,0,6.91
313,Port Hardy,CA,2022-07-18 13:14:56,50.6996,-127.4199,52.92,93,52,4.5
314,Gamba,GA,2022-07-18 13:14:56,-2.65,10.0,75.56,71,67,8.43
315,Cherskiy,RU,2022-07-18 13:05:15,68.75,161.3,39.02,65,7,1.57
316,Balikpapan,ID,2022-07-18 13:14:57,-1.2675,116.8289,79.79,89,20,3.44
317,Imuris,MX,2022-07-18 13:14:58,30.7833,-110.8667,79.79,68,79,0.31
318,Leningradskiy,RU,2022-07-18 13:10:06,69.3833,178.4167,31.77,97,100,27.11
319,Medicine Hat,CA,2022-07-18 13:14:59,50.0501,-110.6683,67.21,77,100,1.01
320,San Policarpo,PH,2022-07-18 13:15:59,12.1791,125.5072,81.21,80,100,3.69
321,Marale,HN,2022-07-18 13:16:00,14.8833,-87.15,67.01,89,33,1.86
322,Shu,KZ,2022-07-18 13:16:00,43.5983,73.7614,93.02,18,0,10.47
323,Waverly,US,2022-07-18 13:16:01,42.7392,-84.6208,73.33,82,0,4.61
324,Vygonichi,RU,2022-07-18 13:16:01,53.0985,34.0673,68.11,56,40,13.42
325,Gaya,IN,2022-07-18 13:16:01,24.7833,85.0,94.91,49,75,9.22
326,Vestmannaeyjar,IS,2022-07-18 13:16:02,63.4427,-20.2734,54.59,82,75,10.36
327,Santa Cruz,BO,2022-07-18 13:16:02,-17.8,-63.1667,62.65,67,75,9.22
328,Mayo,US,2022-07-18 13:16:03,38.8876,-76.5119,82.15,85,40,4.0
329,Kenora,CA,2022-07-18 13:16:03,49.8167,-94.4337,67.17,100,75,4.61
330,Olinda,BR,2022-07-18 13:16:04,-8.0089,-34.8553,76.73,88,75,12.66
331,Rondonopolis,BR,2022-07-18 13:16:05,-16.4708,-54.6356,79.36,47,2,4.59
332,Petropavlovsk-Kamchatskiy,RU,2022-07-18 13:15:48,53.0452,158.6483,54.19,100,100,4.47
333,Port Augusta,AU,2022-07-18 13:12:37,-32.5,137.7667,46.09,71,5,7.83
334,Havelock,US,2022-07-18 13:16:06,34.8791,-76.9013,82.94,90,75,3.44
335,Laguna,US,2022-07-18 13:16:06,38.421,-121.4238,74.44,60,0,4.61
336,Port Blair,IN,2022-07-18 13:16:07,11.6667,92.75,82.44,83,40,4.61
337,Guayanilla,PR,2022-07-18 13:16:07,18.0191,-66.7918,85.96,69,4,6.85
338,Jijiga,ET,2022-07-18 13:16:08,9.35,42.8,68.83,62,96,20.98
339,Altay,CN,2022-07-18 13:16:08,47.8667,88.1167,68.47,65,97,2.84
340,Tarpon Springs,US,2022-07-18 13:12:04,28.1461,-82.7568,86.0,85,0,5.99
341,Kismayo,SO,2022-07-18 13:16:09,-0.3582,42.5454,78.22,73,34,22.44
342,Slavutych,UA,2022-07-18 13:16:10,51.5196,30.7343,69.87,48,30,10.49
343,Kuryk,KZ,2022-07-18 13:16:10,43.2,51.65,100.11,23,0,11.77
344,Naze,JP,2022-07-18 13:16:11,28.3667,129.4833,79.72,88,100,17.18
345,Manzanillo,CU,2022-07-18 13:16:11,20.3433,-77.1167,79.48,81,3,8.37
346,Krasnoarmeysk,RU,2022-07-18 13:16:12,51.0239,45.6969,81.34,48,67,7.9
347,Lata,PT,2022-07-18 13:16:12,40.1629,-8.3327,86.49,42,0,10.4
348,Baghramyan,AM,2022-07-18 13:16:13,40.1934,44.3683,102.99,8,20,10.36
349,Beroroha,MG,2022-07-18 13:16:13,-21.6667,45.1667,83.82,23,0,15.12
350,Nizwa,OM,2022-07-18 13:16:14,22.9333,57.5333,86.83,57,100,3.44
351,Lewistown,US,2022-07-18 13:15:03,40.5992,-77.5714,74.61,100,100,0.0
352,Balaipungut,ID,2022-07-18 13:16:15,1.05,101.2833,80.24,80,100,3.0
353,Salta,AR,2022-07-18 13:15:22,-24.7859,-65.4117,43.39,70,0,3.44
354,Corrente,BR,2022-07-18 13:16:15,-3.7367,-43.3394,84.94,51,64,6.96
355,Rantepao,ID,2022-07-18 13:16:16,-2.9701,119.8978,65.68,96,100,1.5
356,Atlantic City,US,2022-07-18 13:14:32,39.3643,-74.4229,81.18,85,20,6.91
357,Muros,ES,2022-07-18 13:16:17,42.7762,-9.0603,78.67,77,0,10.49
358,Peniche,PT,2022-07-18 13:16:17,39.3558,-9.3811,77.29,73,0,13.15
359,Vila Franca Do Campo,PT,2022-07-18 13:16:17,37.7167,-25.4333,70.21,76,49,5.48
360,Iskateley,RU,2022-07-18 13:16:18,67.6803,53.1512,73.26,52,100,4.94
361,Pimentel,PE,2022-07-18 13:16:18,-6.8367,-79.9342,62.89,82,0,11.5
362,Khartoum,SD,2022-07-18 13:16:19,15.5518,32.5324,104.02,22,100,13.44
363,Vestmanna,FO,2022-07-18 13:16:19,62.1564,-7.1664,50.92,82,100,8.05
364,Wamba,NG,2022-07-18 13:16:20,8.9333,8.6,80.47,72,95,3.44
365,Soyo,AO,2022-07-18 13:16:20,-6.1349,12.3689,75.97,71,73,8.28
366,Barre,US,2022-07-18 13:17:04,44.197,-72.5021,77.43,71,0,0.0
367,Pangnirtung,CA,2022-07-18 13:17:21,66.1451,-65.7125,41.0,93,75,13.8
368,Los Andes,CL,2022-07-18 13:13:20,-32.8337,-70.5983,48.0,45,100,4.52
369,Kidal,ML,2022-07-18 13:15:11,18.4411,1.4078,99.57,28,6,6.13
370,Nyurba,RU,2022-07-18 13:17:22,63.2842,118.3319,62.04,85,40,4.25
371,Gillette,US,2022-07-18 13:17:05,44.2911,-105.5022,75.06,39,0,5.01
372,Narsaq,GL,2022-07-18 13:17:23,60.9167,-46.05,52.02,61,99,2.77
373,Itarema,BR,2022-07-18 13:17:23,-2.9248,-39.9167,82.9,58,7,17.34
374,Lodja,CD,2022-07-18 13:17:24,-3.4833,23.4333,89.29,29,99,5.01
375,Haines Junction,CA,2022-07-18 13:17:24,60.7522,-137.5108,53.55,62,96,5.75
376,Todos Santos,MX,2022-07-18 13:17:25,23.45,-110.2167,80.04,81,10,1.1
377,Morehead,US,2022-07-18 13:17:25,37.2711,-87.1764,71.35,97,100,0.0
378,Puerto Del Rosario,ES,2022-07-18 13:17:25,28.5004,-13.8627,76.75,69,20,18.41
379,Birao,CF,2022-07-18 13:17:26,10.2849,22.7882,86.54,53,54,5.03
380,Marovoay,MG,2022-07-18 13:17:26,-16.1,46.6333,83.39,41,57,15.9
381,Weinan,CN,2022-07-18 13:17:27,34.5036,109.5089,76.19,54,100,8.72
382,Erzin,TR,2022-07-18 13:17:27,36.9559,36.2,92.44,38,0,11.18
383,Cerro Largo,BR,2022-07-18 13:17:28,-28.1486,-54.7381,53.01,74,0,3.11
384,Weligama,LK,2022-07-18 13:17:29,5.9667,80.4167,80.24,80,95,15.66
385,Carroll,US,2022-07-18 13:17:29,39.5501,-77.0164,77.27,81,100,5.99
386,Kruje,AL,2022-07-18 13:17:30,41.5092,19.7928,89.62,24,0,13.8
387,Carballo,ES,2022-07-18 13:17:30,43.213,-8.691,82.9,58,0,8.5
388,Guerrero Negro,MX,2022-07-18 13:17:31,27.9769,-114.0611,67.77,81,6,5.7
389,Seymchan,RU,2022-07-18 13:17:31,62.8833,152.4333,59.16,76,41,3.85
390,Broome,US,2022-07-18 13:17:32,42.2506,-75.833,71.62,89,100,9.22
391,Cheremukhovo,RU,2022-07-18 13:17:32,60.3484,59.9851,75.58,56,15,4.03
392,George,ZA,2022-07-18 13:17:33,-33.963,22.4617,62.15,67,75,9.22
393,Puri,IN,2022-07-18 13:17:34,19.8,85.85,82.92,85,66,18.84
394,Houston,US,2022-07-18 13:13:46,29.7633,-95.3633,83.16,80,20,8.05
395,Sorland,NO,2022-07-18 13:17:34,67.667,12.6934,55.26,82,75,12.66
396,Botwood,CA,2022-07-18 13:17:35,49.1499,-55.3482,76.89,49,96,11.56
397,Vostok,RU,2022-07-18 13:17:35,46.4856,135.8833,59.04,95,84,2.71
398,Awjilah,LY,2022-07-18 13:17:35,29.1081,21.2869,99.55,13,0,10.13
399,Lasa,IT,2022-07-18 13:17:36,46.6166,10.7002,88.68,30,15,2.89
400,Nikolsk,RU,2022-07-18 13:17:37,53.7189,46.0712,70.93,81,92,8.08
401,Luderitz,NA,2022-07-18 13:17:37,-26.6481,15.1594,66.06,58,5,9.82
402,Hofn,IS,2022-07-18 13:17:38,64.2539,-15.2082,51.51,82,100,11.1
403,Lundamo,NO,2022-07-18 13:17:38,63.1333,10.3,56.07,82,96,6.71
404,Qeshm,IR,2022-07-18 13:17:39,26.9581,56.2719,98.47,53,4,10.56
405,Carthage,TN,2022-07-18 13:17:39,36.8611,10.3316,94.53,31,0,11.5
406,Fortuna,US,2022-07-18 13:17:40,40.5982,-124.1573,51.93,89,1,3.0
407,Kerchevskiy,RU,2022-07-18 13:17:40,59.946,56.2884,80.04,34,10,3.36
408,Umm Lajj,SA,2022-07-18 13:17:40,25.0213,37.2685,90.14,50,42,11.63
409,Astana,KZ,2022-07-18 13:15:06,51.1801,71.446,69.75,64,40,8.95
410,Ust-Maya,RU,2022-07-18 13:17:41,60.4167,134.5333,72.23,53,100,6.89
411,Yokadouma,CM,2022-07-18 13:17:42,3.5167,15.05,71.33,95,100,0.45
412,Burnie,AU,2022-07-18 13:17:42,-41.0667,145.9167,35.94,72,1,6.11
413,Honiara,SB,2022-07-18 13:17:43,-9.4333,159.95,77.16,86,17,4.74
414,Kudahuvadhoo,MV,2022-07-18 13:17:43,2.6708,72.8944,83.19,72,100,12.73
415,Ginir,ET,2022-07-18 13:18:44,7.1333,40.7,69.03,54,100,12.33
416,Campos Belos,BR,2022-07-18 13:18:44,-13.0367,-46.7717,78.84,30,3,10.69
417,Neuquen,AR,2022-07-18 13:14:42,-38.9516,-68.0591,39.83,48,10,6.87
418,Kutum,SD,2022-07-18 13:18:45,14.2,24.6667,87.87,30,24,6.31
419,Oistins,BB,2022-07-18 13:13:48,13.0667,-59.5333,84.29,70,40,18.41
420,Tuscaloosa,US,2022-07-18 13:18:46,33.2098,-87.5692,80.22,87,75,1.99
421,Balotra,IN,2022-07-18 13:18:47,25.8333,72.2333,94.41,50,99,7.72
422,Miri,MY,2022-07-18 13:18:47,4.4148,114.0089,80.74,89,40,2.3
423,Beloha,MG,2022-07-18 13:18:48,-25.1667,45.05,72.73,59,84,17.9
424,Ust-Nera,RU,2022-07-18 13:18:49,64.5667,143.2,68.27,72,45,4.54
425,Wells,GB,2022-07-18 13:18:21,51.2079,-2.649,97.43,37,1,11.5
426,Pontes E Lacerda,BR,2022-07-18 13:18:49,-15.2261,-59.3353,75.7,49,21,3.58
427,Yuancheng,CN,2022-07-18 13:18:50,36.652,107.7896,76.19,31,100,7.43
428,Camacha,PT,2022-07-18 13:18:50,33.0833,-16.3333,71.02,68,40,11.5
429,Chuy,UY,2022-07-18 13:18:51,-33.6971,-53.4616,46.4,74,1,8.46
430,Sterling,US,2022-07-18 13:17:25,39.0062,-77.4286,80.15,91,75,10.36
431,Young,UY,2022-07-18 13:18:52,-32.6833,-57.6333,46.78,81,1,7.96
432,Ishigaki,JP,2022-07-18 13:14:46,24.3448,124.1572,84.96,85,100,20.69
433,Limbang,MY,2022-07-18 13:18:52,4.75,115.0,84.31,81,100,1.45
434,Spirit River,CA,2022-07-18 13:15:33,55.7833,-118.8361,55.83,61,96,11.59
435,Buldana,IN,2022-07-18 13:18:53,20.5333,76.1833,69.24,92,100,17.76
436,Marzuq,YE,2022-07-18 13:18:53,14.4,46.4667,96.33,17,24,10.92
437,Mutsu,JP,2022-07-18 13:18:54,41.2894,141.2169,67.14,92,11,4.54
438,Wuxue,CN,2022-07-18 13:18:55,29.8506,115.5525,81.95,75,100,1.43
439,Guanica,PR,2022-07-18 13:18:55,17.9716,-66.908,86.04,67,3,7.99
440,Cartagena Del Chaira,CO,2022-07-18 13:18:55,1.3349,-74.8429,71.08,94,100,1.28
441,Fairbanks,US,2022-07-18 13:15:14,64.8378,-147.7164,55.4,85,100,6.91
442,North Bend,US,2022-07-18 13:14:57,43.4065,-124.2243,52.86,99,0,3.44
443,Moctezuma,MX,2022-07-18 13:18:57,29.8,-109.6667,75.79,74,50,1.23
444,Tomatlan,MX,2022-07-18 13:18:57,19.9333,-105.25,73.71,92,99,5.48
445,Imeni Babushkina,RU,2022-07-18 13:18:57,59.7573,43.1285,61.77,86,100,1.63
446,Gayny,RU,2022-07-18 13:18:58,60.3071,54.3241,79.9,36,65,4.83
447,Beidao,CN,2022-07-18 13:18:59,34.5686,105.8933,70.23,53,100,2.33
448,Teguise,ES,2022-07-18 13:18:59,29.0605,-13.564,79.02,54,20,23.02
449,Laerdalsoyri,NO,2022-07-18 13:19:00,61.098,7.4816,61.93,67,92,5.66
450,Tome,CL,2022-07-18 13:17:16,-36.6167,-72.95,39.81,87,87,7.65
451,Ormara,PK,2022-07-18 13:19:00,25.2088,64.6357,84.04,89,37,15.95
452,Klaksvik,FO,2022-07-18 13:19:01,62.2266,-6.589,52.72,88,50,4.81
453,Hojo,JP,2022-07-18 13:19:01,33.9766,132.7777,75.79,91,100,2.68
454,Nalut,LY,2022-07-18 13:19:02,30.3333,10.85,95.58,14,0,10.58
455,Rajpur,IN,2022-07-18 13:19:02,22.3,74.35,75.78,91,100,13.6
456,Nome,US,2022-07-18 13:19:03,64.5011,-165.4064,42.87,66,75,20.71
457,Kabinda,CD,2022-07-18 13:19:03,-6.1333,24.4833,93.02,19,19,4.56
458,Strezhevoy,RU,2022-07-18 13:19:04,60.7333,77.5889,67.12,54,96,8.72
459,Yantai,CN,2022-07-18 13:19:04,37.5333,121.4,73.78,76,50,4.99
460,Atambua,ID,2022-07-18 13:19:05,-9.1061,124.8925,67.32,77,100,5.77
461,Tevaitoa,PF,2022-07-18 13:19:05,-16.7833,-151.5,76.75,67,31,11.41
462,Antofagasta,CL,2022-07-18 13:15:38,-23.65,-70.4,56.48,64,39,4.88
463,Talcahuano,CL,2022-07-18 13:20:06,-36.7167,-73.1167,40.68,87,0,8.05
464,Gonbad-E Qabus,IR,2022-07-18 13:20:06,37.25,55.1672,103.15,20,0,8.66
465,Tuatapere,NZ,2022-07-18 13:20:07,-46.1333,167.6833,46.04,92,100,6.58
466,San Andres,CO,2022-07-18 13:19:13,12.5847,-81.7006,84.22,79,75,16.11
467,Yalta,UA,2022-07-18 13:20:08,44.5,34.1667,75.6,51,22,8.23
468,Aranda De Duero,ES,2022-07-18 13:20:08,41.6704,-3.6892,101.73,9,4,13.67
469,Mezhova,UA,2022-07-18 13:20:09,48.2532,36.7347,74.68,32,0,16.37
470,Vanavara,RU,2022-07-18 13:20:09,60.34,102.2797,59.86,84,100,6.44
471,Penzance,GB,2022-07-18 13:20:10,50.1186,-5.5371,85.32,39,0,21.85
472,Shingu,JP,2022-07-18 13:20:10,33.7333,135.9833,77.52,93,100,7.31
473,Didsbury,GB,2022-07-18 13:20:11,53.417,-2.2315,97.39,19,20,5.01
474,Saint-Louis,SN,2022-07-18 13:20:11,16.3333,-15.0,94.24,37,60,8.88
475,Kalmunai,LK,2022-07-18 13:20:12,7.4167,81.8167,82.42,79,52,8.61
476,Quang Ngai,VN,2022-07-18 13:20:12,15.1167,108.8,81.59,85,79,4.29
477,Tandil,AR,2022-07-18 13:20:13,-37.3217,-59.1332,44.69,50,97,12.68
478,Bosansko Grahovo,BA,2022-07-18 13:20:14,44.1794,16.3639,80.82,19,33,9.91
479,Saint-Joseph,RE,2022-07-18 13:20:14,-21.3667,55.6167,70.18,68,49,17.69
480,Tamasopo,MX,2022-07-18 13:20:15,21.9333,-99.4833,63.79,90,4,2.28
481,San Cristobal,VE,2022-07-18 13:20:15,7.7669,-72.225,69.98,96,99,3.96
482,Nha Trang,VN,2022-07-18 13:20:16,12.25,109.1833,84.2,85,100,4.03
483,Maniwaki,CA,2022-07-18 13:17:02,46.3834,-75.966,71.98,73,100,1.14
484,Marienburg,PL,2022-07-18 13:20:16,54.0359,19.0266,75.11,64,100,10.98
485,Tommot,RU,2022-07-18 13:20:17,58.9564,126.2925,64.38,95,99,1.83
486,Koutiala,ML,2022-07-18 13:20:17,12.3917,-5.4642,84.09,65,99,9.35
487,Kenai,US,2022-07-18 13:20:18,60.5544,-151.2583,54.09,79,100,13.8
488,Lander,US,2022-07-18 13:20:18,42.833,-108.7307,78.12,33,0,0.0
489,Lewiston,US,2022-07-18 13:15:54,44.1003,-70.2148,80.42,80,0,3.44
490,Faanui,PF,2022-07-18 13:20:19,-16.4833,-151.75,76.8,68,38,11.92
491,Taklisah,TN,2022-07-18 13:20:19,36.7833,10.6333,93.61,31,0,9.91
492,Anamur,TR,2022-07-18 13:20:20,36.0751,32.8369,90.27,44,0,7.58
493,Sao Joao Da Barra,BR,2022-07-18 13:20:20,-21.6403,-41.0511,75.29,77,31,7.67
494,Santa Isabel Do Rio Negro,BR,2022-07-18 13:20:21,-0.4139,-65.0192,82.35,75,24,2.75
495,Cap Malheureux,MU,2022-07-18 13:20:21,-19.9842,57.6142,70.47,60,93,11.99
496,Koygorodok,RU,2022-07-18 13:20:22,60.445,50.9968,76.86,51,100,5.61
497,Simplicio Mendes,BR,2022-07-18 13:20:23,-7.8539,-41.9103,83.91,29,8,11.61
498,Barentu,ER,2022-07-18 13:20:23,15.1139,37.5928,88.07,37,100,12.39
499,Pacifica,US,2022-07-18 13:20:24,37.6138,-122.4869,61.16,92,20,10.0
500,Mozarlandia,BR,2022-07-18 13:20:24,-14.7447,-50.5706,86.09,20,0,13.98
501,Baykit,RU,2022-07-18 13:20:25,61.67,96.37,59.59,90,100,5.88
502,Minuri,PH,2022-07-18 13:20:25,16.535,121.8574,76.1,93,52,3.83
503,San Carlos,VE,2022-07-18 13:20:26,9.6612,-68.5827,76.6,87,100,1.1
504,Araouane,ML,2022-07-18 13:20:26,18.9048,-3.5265,102.16,27,12,8.41
505,Atar,MR,2022-07-18 13:20:26,20.5169,-13.0499,105.67,20,0,4.99
506,Georgiyevka,KZ,2022-07-18 13:20:27,43.0369,74.7114,91.44,25,0,6.71
507,Newport,GB,2022-07-18 13:16:57,51.5877,-2.9984,97.68,38,6,5.59
508,Karasjok,NO,2022-07-18 13:20:28,69.4719,25.5112,63.16,63,99,11.03
509,Santa Fe,AR,2022-07-18 13:20:29,-31.6333,-60.7,52.02,83,6,4.0
510,Andenes,NO,2022-07-18 13:20:29,69.3143,16.1194,53.92,93,75,10.36
511,Mirnyy,RU,2022-07-18 13:21:30,62.5353,113.9611,62.24,82,100,1.99
512,Robstown,US,2022-07-18 13:21:30,27.7903,-97.6689,83.98,94,0,4.61
513,Chibombo,ZM,2022-07-18 13:21:31,-14.6569,28.0706,73.8,26,12,5.68
514,Gat,IL,2022-07-18 13:20:01,31.61,34.7642,94.41,38,0,13.38
515,Arcata,US,2022-07-18 13:21:31,40.8665,-124.0828,52.2,80,75,0.0
516,Jeremoabo,BR,2022-07-18 13:21:32,-10.075,-38.4808,74.28,74,66,12.95
517,Kununurra,AU,2022-07-18 13:21:32,-15.7667,128.7333,64.38,77,0,3.44
518,Minamata,JP,2022-07-18 13:21:32,32.2167,130.4,80.47,87,99,10.29
519,Fort Nelson,CA,2022-07-18 13:21:33,58.8053,-122.7002,53.19,94,75,3.44
520,Santa Cruz De Tenerife,ES,2022-07-18 13:21:33,28.4682,-16.2546,86.59,71,40,19.57
521,Praia,CV,2022-07-18 13:21:34,14.9215,-23.5087,82.94,54,20,20.71
522,Luxor,EG,2022-07-18 13:20:05,25.6989,32.6421,105.22,10,6,13.0
