City_ID,City,Country,Date,Lat,Lng,Max Temp,Humidity,Cloudiness,Wind Speed,Current Description
0,Champerico,GT,2022-07-20 14:11:24,14.3,-91.9167,82.94,79,100,3.98,overcast clouds
1,Silvania,BR,2022-07-20 14:11:24,-16.6589,-48.6081,76.23,37,11,11.65,few clouds
2,Chuy,UY,2022-07-20 14:11:25,-33.6971,-53.4616,56.08,80,0,10.13,clear sky
3,Tasiilaq,GL,2022-07-20 14:11:25,65.6145,-37.6368,41.16,82,92,4.32,overcast clouds
4,Ponta Do Sol,PT,2022-07-20 14:11:25,32.6667,-17.1,83.71,65,0,2.98,clear sky
5,Saskylakh,RU,2022-07-20 14:11:26,71.9167,114.0833,46.29,64,99,15.05,overcast clouds
6,Vaini,TO,2022-07-20 14:11:26,-21.2,-175.2,74.25,78,16,19.93,few clouds
7,Luderitz,NA,2022-07-20 14:11:27,-26.6481,15.1594,65.12,51,0,22.55,clear sky
8,Aswan,EG,2022-07-20 14:07:18,24.0934,32.907,107.91,9,2,14.0,clear sky
9,Rikitea,PF,2022-07-20 14:09:11,-23.1203,-134.9692,72.91,76,6,2.21,clear sky
10,Carnarvon,AU,2022-07-20 14:05:59,-24.8667,113.6333,71.13,71,0,15.12,clear sky
11,Saldanha,ZA,2022-07-20 14:07:26,-33.0117,17.9442,56.84,61,0,14.67,clear sky
12,Kununurra,AU,2022-07-20 14:11:29,-15.7667,128.7333,64.38,68,17,0.0,few clouds
13,Ushuaia,AR,2022-07-20 14:03:18,-54.8,-68.3,35.26,93,100,31.07,drizzle
14,Dingle,PH,2022-07-20 14:11:29,10.9995,122.6711,78.53,87,83,3.22,broken clouds
15,Arman,RU,2022-07-20 14:11:30,59.7,150.1667,53.55,94,5,5.95,clear sky
16,Lebu,CL,2022-07-20 14:03:04,-37.6167,-73.65,51.58,97,100,10.78,overcast clouds
17,Vostok,RU,2022-07-20 14:11:30,46.4856,135.8833,61.43,96,90,3.18,overcast clouds
18,Bredasdorp,ZA,2022-07-20 14:07:20,-34.5322,20.0403,58.21,56,44,4.43,scattered clouds
19,Beloha,MG,2022-07-20 14:08:04,-25.1667,45.05,76.35,28,0,7.05,clear sky
20,Lorengau,PG,2022-07-20 14:11:31,-2.0226,147.2712,81.97,77,71,7.31,broken clouds
21,Yellowknife,CA,2022-07-20 14:06:25,62.456,-114.3525,59.56,82,100,17.0,overcast clouds
22,Ust-Kuyga,RU,2022-07-20 14:11:32,70.0167,135.6,43.14,75,19,6.98,few clouds
23,Avarua,CK,2022-07-20 14:00:10,-21.2078,-159.775,73.45,73,75,12.66,broken clouds
24,Hobart,AU,2022-07-20 14:07:13,-42.8794,147.3294,38.05,90,20,5.75,few clouds
25,Hasaki,JP,2022-07-20 14:06:50,35.7333,140.8333,77.4,80,100,6.06,overcast clouds
26,Mataura,NZ,2022-07-20 14:04:39,-46.1927,168.8643,41.49,98,14,0.92,few clouds
27,Jamestown,US,2022-07-20 14:05:53,42.097,-79.2353,82.94,73,0,11.5,clear sky
28,Jalu,LY,2022-07-20 14:11:34,29.0331,21.5482,95.05,13,0,14.65,clear sky
29,Sikeston,US,2022-07-20 14:11:34,36.8767,-89.5879,85.24,79,0,13.8,clear sky
30,Inhambane,MZ,2022-07-20 14:11:35,-23.865,35.3833,74.44,62,0,9.78,clear sky
31,Hithadhoo,MV,2022-07-20 14:11:35,-0.6,73.0833,81.1,70,100,1.23,moderate rain
32,Bereda,ES,2022-07-20 14:11:36,43.2686,-7.5406,77.92,43,0,7.36,clear sky
33,Tonantins,BR,2022-07-20 14:11:36,-2.8731,-67.8022,75.24,94,100,3.27,overcast clouds
34,Laguna,US,2022-07-20 14:04:19,38.421,-121.4238,72.64,66,0,5.75,clear sky
35,Radom,PL,2022-07-20 14:11:37,51.4025,21.1471,88.12,34,0,9.22,clear sky
36,Ostersund,SE,2022-07-20 14:11:37,63.1792,14.6357,75.65,57,20,11.5,few clouds
37,Puerto Ayora,EC,2022-07-20 14:05:57,-0.7393,-90.3518,71.56,99,95,8.01,overcast clouds
38,Tateyama,JP,2022-07-20 14:11:38,34.9833,139.8667,77.09,82,100,9.57,overcast clouds
39,La Ronge,CA,2022-07-20 14:06:04,55.1001,-105.2842,59.67,67,8,13.67,clear sky
40,Camacha,PT,2022-07-20 14:11:39,33.0833,-16.3333,72.82,64,40,14.97,scattered clouds
41,Senador Jose Porfirio,BR,2022-07-20 14:11:39,-2.5908,-51.9542,83.95,63,24,2.04,few clouds
42,Chute-Aux-Outardes,CA,2022-07-20 14:11:40,49.1168,-68.399,67.59,57,1,13.27,clear sky
43,Makakilo City,US,2022-07-20 14:11:40,21.3469,-158.0858,75.52,75,20,11.5,few clouds
44,Baglung,NP,2022-07-20 14:11:41,28.2719,83.5898,71.11,94,100,1.97,overcast clouds
45,Cidreira,BR,2022-07-20 14:11:41,-30.1811,-50.2056,63.14,79,0,12.44,clear sky
46,Henties Bay,NA,2022-07-20 14:12:42,-22.116,14.2845,59.02,74,0,16.42,clear sky
47,Tochio,JP,2022-07-20 14:12:42,37.4667,139.0,72.55,91,98,3.98,overcast clouds
48,Namatanai,PG,2022-07-20 14:12:43,-3.6667,152.4333,78.8,81,99,7.23,overcast clouds
49,Kaitangata,NZ,2022-07-20 14:12:43,-46.2817,169.8464,40.91,82,73,4.36,broken clouds
50,Katsuura,JP,2022-07-20 14:12:44,35.1333,140.3,78.1,83,99,4.23,overcast clouds
51,Rawson,AR,2022-07-20 14:12:44,-43.3002,-65.1023,53.51,59,99,16.35,overcast clouds
52,Lyubytino,RU,2022-07-20 14:12:45,58.8122,33.3922,56.26,97,100,13.02,light rain
53,Shingu,JP,2022-07-20 14:12:45,33.7333,135.9833,75.24,78,95,6.26,overcast clouds
54,Kalabo,ZM,2022-07-20 14:12:46,-14.97,22.6814,83.88,18,3,1.81,clear sky
55,Fuyu,CN,2022-07-20 14:12:47,45.1833,124.8167,75.58,72,100,3.87,overcast clouds
56,Yeppoon,AU,2022-07-20 14:12:47,-23.1333,150.7333,62.38,81,100,16.64,overcast clouds
57,Albany,US,2022-07-20 14:03:25,42.6001,-73.9662,85.17,71,8,1.01,clear sky
58,Cape Town,ZA,2022-07-20 14:12:48,-33.9258,18.4232,61.11,51,0,1.99,clear sky
59,Abu Kamal,SY,2022-07-20 14:12:49,34.4506,40.9171,108.93,10,0,14.61,clear sky
60,Chokurdakh,RU,2022-07-20 14:05:54,70.6333,147.9167,39.27,79,60,8.97,broken clouds
61,Ola,RU,2022-07-20 14:09:07,59.5833,151.2833,51.96,95,18,1.3,few clouds
62,Busselton,AU,2022-07-20 14:00:35,-33.65,115.3333,64.2,80,100,13.89,overcast clouds
63,Dikson,RU,2022-07-20 14:07:18,73.5069,80.5464,45.77,62,0,22.21,clear sky
64,Deputatskiy,RU,2022-07-20 14:12:50,69.3,139.9,30.88,98,71,2.8,broken clouds
65,Damghan,IR,2022-07-20 14:12:50,36.1683,54.348,92.16,25,0,7.78,clear sky
66,East London,ZA,2022-07-20 14:12:51,-33.0153,27.9116,63.16,69,93,4.09,overcast clouds
67,Altay,CN,2022-07-20 14:12:51,47.8667,88.1167,63.55,43,29,8.25,scattered clouds
68,Mahebourg,MU,2022-07-20 14:06:00,-20.4081,57.7,71.26,59,51,23.82,broken clouds
69,Albion,US,2022-07-20 14:12:52,42.2431,-84.753,80.78,79,100,9.22,overcast clouds
70,Narsaq,GL,2022-07-20 14:07:19,60.9167,-46.05,53.82,89,99,3.96,overcast clouds
71,Bluff,NZ,2022-07-20 14:04:44,-46.6,168.3333,41.81,71,76,5.35,broken clouds
72,Chunoyar,RU,2022-07-20 14:12:53,57.4467,97.3217,58.24,93,100,4.09,overcast clouds
73,Sao Joao Da Barra,BR,2022-07-20 14:08:53,-21.6403,-41.0511,75.29,74,56,2.82,broken clouds
74,Tezu,IN,2022-07-20 14:12:54,27.9167,96.1667,76.8,97,99,2.89,overcast clouds
75,Morant Bay,JM,2022-07-20 14:12:54,17.8815,-76.4093,86.7,70,2,11.05,clear sky
76,Richards Bay,ZA,2022-07-20 14:12:08,-28.783,32.0377,70.79,72,55,13.31,broken clouds
77,Kapaa,US,2022-07-20 14:05:55,22.0752,-159.319,77.32,85,40,12.66,scattered clouds
78,Provideniya,RU,2022-07-20 14:12:19,64.3833,-173.3,40.46,94,93,14.47,overcast clouds
79,Hay River,CA,2022-07-20 14:12:55,60.8156,-115.7999,54.5,83,100,14.47,overcast clouds
80,Lompoc,US,2022-07-20 14:12:56,34.6391,-120.4579,55.54,98,100,1.01,mist
81,Ixtapa,MX,2022-07-20 14:12:56,20.7,-105.2,83.23,94,75,4.61,broken clouds
82,Oriximina,BR,2022-07-20 14:12:57,-1.7656,-55.8661,87.28,55,45,4.32,scattered clouds
83,Norman Wells,CA,2022-07-20 14:12:57,65.282,-126.8329,59.04,67,99,3.0,overcast clouds
84,Sao Filipe,CV,2022-07-20 14:07:17,14.8961,-24.4956,77.83,83,86,2.75,overcast clouds
85,Zdvinsk,RU,2022-07-20 14:12:58,54.7021,78.661,68.67,61,100,3.67,overcast clouds
86,Ossora,RU,2022-07-20 14:12:59,59.2353,163.0719,57.24,81,99,2.35,overcast clouds
87,Saint-Philippe,RE,2022-07-20 14:06:08,-21.3585,55.7679,71.22,69,35,17.98,scattered clouds
88,Waddan,LY,2022-07-20 14:12:59,29.1614,16.139,94.69,20,0,9.66,clear sky
89,Kaeo,NZ,2022-07-20 14:13:00,-35.1,173.7833,43.32,93,51,8.25,broken clouds
90,Saint-Francois,FR,2022-07-20 14:13:00,46.4154,3.9054,80.04,57,75,11.5,broken clouds
91,Komsomolskiy,UZ,2022-07-20 14:14:01,40.4272,71.7189,99.32,12,0,2.3,clear sky
92,New Norfolk,AU,2022-07-20 14:14:01,-42.7826,147.0587,37.71,86,2,2.39,clear sky
93,Asau,RO,2022-07-20 14:14:01,46.4333,26.4,87.28,39,100,5.57,overcast clouds
94,Esperance,AU,2022-07-20 14:14:02,-33.8667,121.9,59.86,61,100,15.68,overcast clouds
95,Maunabo,PR,2022-07-20 14:14:03,18.0072,-65.8993,88.47,80,51,13.0,broken clouds
96,Savannah Bight,HN,2022-07-20 14:14:03,16.45,-85.85,82.27,74,77,14.5,broken clouds
97,Ucluelet,CA,2022-07-20 14:14:04,48.9329,-125.5528,55.09,93,53,4.68,broken clouds
98,Atuona,PF,2022-07-20 14:04:12,-9.8,-139.0333,76.64,79,30,12.91,scattered clouds
99,Sibolga,ID,2022-07-20 14:14:05,1.7427,98.7792,77.38,87,29,1.72,scattered clouds
100,Kisaran,ID,2022-07-20 14:14:05,2.9845,99.6158,75.92,96,99,0.76,overcast clouds
101,Severo-Kurilsk,RU,2022-07-20 14:14:06,50.6789,156.125,50.72,98,99,14.88,light rain
102,Faanui,PF,2022-07-20 14:06:05,-16.4833,-151.75,77.29,65,0,6.64,clear sky
103,Ribeira Grande,PT,2022-07-20 14:14:07,38.5167,-28.7,77.4,73,20,9.22,few clouds
104,Pevek,RU,2022-07-20 14:07:26,69.7008,170.3133,31.82,92,100,13.15,overcast clouds
105,Turukhansk,RU,2022-07-20 14:14:07,65.8167,87.9833,52.25,91,100,7.56,overcast clouds
106,Upernavik,GL,2022-07-20 14:06:02,72.7868,-56.1549,47.23,72,53,4.76,broken clouds
107,Bengkulu,ID,2022-07-20 14:04:42,-3.8004,102.2655,78.48,85,89,2.46,overcast clouds
108,Punta Arenas,CL,2022-07-20 14:04:34,-53.15,-70.9167,37.42,86,75,28.77,light rain
109,Gamba,GA,2022-07-20 14:14:08,-2.65,10.0,75.67,76,71,8.21,broken clouds
110,Maua,BR,2022-07-20 14:12:20,-23.6678,-46.4614,69.37,77,100,5.57,overcast clouds
111,Butaritari,KI,2022-07-20 14:14:09,3.0707,172.7902,80.92,82,100,11.65,moderate rain
112,Port Alfred,ZA,2022-07-20 14:04:48,-33.5906,26.891,59.18,94,100,3.33,overcast clouds
113,Hualmay,PE,2022-07-20 14:14:10,-11.0964,-77.6139,62.83,78,65,5.97,broken clouds
114,Hermanus,ZA,2022-07-20 14:01:23,-34.4187,19.2345,59.81,61,3,7.25,clear sky
115,Medea,DZ,2022-07-20 14:14:11,36.2642,2.7539,94.78,17,0,11.9,clear sky
116,Zabol,AF,2022-07-20 14:14:11,32.25,67.25,92.35,12,0,19.82,clear sky
117,Batemans Bay,AU,2022-07-20 14:14:12,-35.7167,150.1833,52.11,83,92,2.89,overcast clouds
118,Port Hardy,CA,2022-07-20 14:14:12,50.6996,-127.4199,53.8,93,28,5.84,scattered clouds
119,Tuktoyaktuk,CA,2022-07-20 14:04:45,69.4541,-133.0374,49.73,80,100,7.29,overcast clouds
120,Santiago Del Estero,AR,2022-07-20 14:14:13,-27.7951,-64.2615,62.85,47,52,10.11,broken clouds
121,Chinna Salem,IN,2022-07-20 14:14:13,11.65,78.9,89.44,55,97,3.29,overcast clouds
122,Mana,GF,2022-07-20 14:14:14,5.6592,-53.7767,83.55,69,14,7.43,few clouds
123,Guia De Isora,ES,2022-07-20 14:14:14,28.2115,-16.7795,81.1,35,6,2.71,clear sky
124,Souillac,MU,2022-07-20 14:14:15,-20.5167,57.5167,69.62,60,21,22.21,few clouds
125,Xining,CN,2022-07-20 14:10:24,36.6167,101.7667,58.55,65,66,3.94,broken clouds
126,Lata,PT,2022-07-20 14:14:15,40.1629,-8.3327,85.08,19,0,9.08,clear sky
127,Shubarshi,KZ,2022-07-20 14:14:16,48.5872,57.1869,82.53,25,97,8.3,overcast clouds
128,Muros,ES,2022-07-20 14:14:16,42.7762,-9.0603,87.15,52,0,14.63,clear sky
129,Arroio Dos Ratos,BR,2022-07-20 14:14:17,-30.0772,-51.7292,63.07,73,0,3.49,clear sky
130,Nikolskoye,RU,2022-07-20 14:04:46,59.7035,30.7861,70.88,52,100,12.19,overcast clouds
131,Ayan,RU,2022-07-20 14:14:18,56.45,138.1667,57.15,97,100,3.09,overcast clouds
132,Qaanaaq,GL,2022-07-20 14:14:18,77.484,-69.3632,41.05,80,100,3.74,overcast clouds
133,Lawton,US,2022-07-20 14:14:19,34.6087,-98.3903,93.11,33,0,4.61,clear sky
134,Mar Del Plata,AR,2022-07-20 14:10:38,-38.0023,-57.5575,54.09,80,0,13.0,clear sky
135,Chapais,CA,2022-07-20 14:04:51,49.7834,-74.8492,64.27,50,100,3.31,overcast clouds
136,San Policarpo,PH,2022-07-20 14:14:21,12.1791,125.5072,82.8,81,99,7.52,overcast clouds
137,Fairbanks,US,2022-07-20 14:15:21,64.8378,-147.7164,50.31,92,75,0.0,broken clouds
138,Patiya,BD,2022-07-20 14:15:22,22.2931,91.9762,84.15,84,75,5.75,broken clouds
139,Tromso,NO,2022-07-20 14:15:22,69.6496,18.957,62.62,63,20,10.36,few clouds
140,Hilo,US,2022-07-20 14:15:22,19.7297,-155.09,72.28,81,100,4.61,overcast clouds
141,Coihaique,CL,2022-07-20 14:15:23,-45.5752,-72.0662,36.21,93,75,2.3,light snow
142,Zyryanka,RU,2022-07-20 14:15:23,65.75,150.85,44.74,69,100,10.31,overcast clouds
143,Jamiltepec,MX,2022-07-20 14:15:24,16.2833,-97.8167,75.27,75,28,2.48,scattered clouds
144,Kodiak,US,2022-07-20 14:15:25,57.79,-152.4072,47.71,87,0,4.61,clear sky
145,Balabac,PH,2022-07-20 14:15:25,7.9868,117.0645,81.99,77,12,6.49,few clouds
146,Vardo,NO,2022-07-20 14:15:26,70.3705,31.1107,53.58,100,100,8.05,overcast clouds
147,Erenhot,CN,2022-07-20 14:15:26,43.6475,111.9767,84.11,25,90,6.24,overcast clouds
148,Sosnovka,RU,2022-07-20 14:15:27,56.255,51.2842,65.46,75,19,5.08,light rain
149,Okhotsk,RU,2022-07-20 14:15:27,59.3833,143.3,56.73,94,82,5.75,broken clouds
150,San Cristobal,VE,2022-07-20 14:01:30,7.7669,-72.225,74.64,69,46,7.05,scattered clouds
151,Great Yarmouth,GB,2022-07-20 14:15:28,52.6083,1.7305,86.95,45,93,18.39,overcast clouds
152,Boende,CD,2022-07-20 14:15:28,-0.2167,20.8667,86.59,51,80,3.6,broken clouds
153,Baoro,CF,2022-07-20 14:15:29,5.6667,15.9667,75.88,77,98,4.25,light rain
154,Bohodukhiv,UA,2022-07-20 14:15:29,50.1647,35.5276,73.13,54,88,13.56,overcast clouds
155,Moyo,UG,2022-07-20 14:15:30,3.6609,31.7247,79.14,55,71,2.3,broken clouds
156,Maridi,SS,2022-07-20 14:15:30,4.9158,29.4742,80.78,57,31,5.66,light rain
157,Isangel,VU,2022-07-20 14:15:31,-19.55,169.2667,76.05,91,100,7.09,overcast clouds
158,Guerrero Negro,MX,2022-07-20 14:15:31,27.9769,-114.0611,70.9,70,80,4.85,broken clouds
159,Yei,SS,2022-07-20 14:15:32,4.095,30.6779,78.89,65,44,3.71,light rain
160,Westport,US,2022-07-20 14:05:47,41.1415,-73.3579,90.18,70,0,8.05,clear sky
161,Dzilam Gonzalez,MX,2022-07-20 14:15:32,21.2833,-88.9333,83.71,67,8,5.5,clear sky
162,Port Blair,IN,2022-07-20 14:15:33,11.6667,92.75,78.39,85,100,17.16,overcast clouds
163,San Angelo,US,2022-07-20 14:14:03,31.4638,-100.437,86.95,59,0,14.97,clear sky
164,Caravelas,BR,2022-07-20 14:15:35,-17.7125,-39.2481,76.3,71,63,6.58,broken clouds
165,Itarema,BR,2022-07-20 14:15:29,-2.9248,-39.9167,86.18,53,33,10.85,scattered clouds
166,Cochabamba,BO,2022-07-20 14:15:35,-17.3895,-66.1568,64.2,29,79,1.01,broken clouds
167,Kavieng,PG,2022-07-20 14:15:36,-2.5744,150.7967,81.72,78,100,11.12,overcast clouds
168,Lagoa,PT,2022-07-20 14:06:05,39.05,-27.9833,71.82,80,4,7.0,clear sky
169,Sambava,MG,2022-07-20 14:15:37,-14.2667,50.1667,70.97,83,38,16.13,light rain
170,Araxa,BR,2022-07-20 14:14:24,-19.5933,-46.9406,75.47,34,2,8.86,clear sky
171,Araouane,ML,2022-07-20 14:15:38,18.9048,-3.5265,93.99,36,99,13.85,overcast clouds
172,Ilulissat,GL,2022-07-20 14:15:38,69.2167,-51.1,53.62,54,75,3.44,broken clouds
173,Luancheng,CN,2022-07-20 14:15:39,37.8792,114.6517,75.36,78,0,10.16,clear sky
174,Sabha,LY,2022-07-20 14:15:39,27.0377,14.4283,96.04,14,9,12.15,clear sky
175,Cayenne,GF,2022-07-20 14:15:18,4.9333,-52.3333,86.04,66,40,6.91,scattered clouds
176,Pangody,RU,2022-07-20 14:15:40,65.85,74.4859,64.44,42,38,15.77,scattered clouds
177,Letka,RU,2022-07-20 14:15:40,59.6011,49.4232,62.29,81,97,3.58,light rain
178,Miri,MY,2022-07-20 14:15:41,4.4148,114.0089,80.74,94,40,3.44,scattered clouds
179,Zlatibor,RS,2022-07-20 14:15:41,43.7168,19.7,80.62,26,0,7.49,clear sky
180,Bubaque,GW,2022-07-20 14:06:05,11.2833,-15.8333,77.34,88,100,15.68,moderate rain
181,New Ulm,US,2022-07-20 14:15:42,44.3125,-94.4605,75.56,68,0,20.71,clear sky
182,Longyearbyen,SJ,2022-07-20 14:16:43,78.2186,15.6401,51.64,82,75,14.97,broken clouds
183,Mount Gambier,AU,2022-07-20 14:16:43,-37.8333,140.7667,40.15,90,0,5.48,clear sky
184,Saint-Dizier,FR,2022-07-20 14:16:43,48.4167,5.0833,76.6,49,83,12.08,broken clouds
185,Torbay,CA,2022-07-20 14:16:44,47.6666,-52.7314,70.57,80,75,28.77,broken clouds
186,Udachnyy,RU,2022-07-20 14:16:45,66.4167,112.4,55.45,66,84,8.77,broken clouds
187,Rocha,UY,2022-07-20 14:16:45,-34.4833,-54.3333,54.79,73,2,11.83,clear sky
188,Ranong,TH,2022-07-20 14:16:46,9.9658,98.6348,76.95,96,100,13.6,light rain
189,Obama,JP,2022-07-20 14:16:46,35.4958,135.746,79.95,82,97,2.86,overcast clouds
190,Iqaluit,CA,2022-07-20 14:16:47,63.7506,-68.5145,42.53,100,75,5.75,fog
191,Perpignan,FR,2022-07-20 14:15:39,42.75,2.75,92.82,36,0,10.36,clear sky
192,Maksatikha,RU,2022-07-20 14:16:48,57.797,35.8825,54.91,97,95,12.06,moderate rain
193,Airai,TL,2022-07-20 14:16:48,-8.9266,125.4092,59.36,93,82,3.11,broken clouds
194,Half Moon Bay,US,2022-07-20 14:16:49,37.4636,-122.4286,60.89,90,100,6.91,mist
195,Huron,US,2022-07-20 14:16:49,41.1501,-82.5499,82.18,77,77,14.41,broken clouds
196,Los Llanos De Aridane,ES,2022-07-20 14:16:50,28.6585,-17.9182,74.95,69,20,17.27,few clouds
197,Tiksi,RU,2022-07-20 14:16:50,71.6872,128.8694,34.75,96,99,10.8,overcast clouds
198,Beringovskiy,RU,2022-07-20 14:16:50,63.05,179.3167,47.35,75,95,19.26,overcast clouds
199,Thinadhoo,MV,2022-07-20 14:16:51,0.5333,72.9333,80.62,75,100,5.68,overcast clouds
200,Tizimin,MX,2022-07-20 14:16:51,21.15,-88.15,85.44,65,7,6.42,clear sky
201,Hambantota,LK,2022-07-20 14:16:52,6.1241,81.1185,80.04,83,100,20.11,overcast clouds
202,North Bend,US,2022-07-20 14:15:39,43.4065,-124.2243,57.92,98,100,5.75,overcast clouds
203,Itoman,JP,2022-07-20 14:16:53,26.1247,127.6694,84.22,94,39,8.05,scattered clouds
204,Kasungu,MW,2022-07-20 14:16:53,-13.0333,33.4833,70.95,43,99,7.7,overcast clouds
205,Orocue,CO,2022-07-20 14:16:53,4.7912,-71.3354,75.83,89,97,6.38,overcast clouds
206,Aksarka,RU,2022-07-20 14:16:54,66.5606,67.7975,66.83,46,61,11.92,broken clouds
207,Imeni Babushkina,RU,2022-07-20 14:16:54,59.7573,43.1285,54.34,98,100,9.86,moderate rain
208,Horsham,GB,2022-07-20 14:16:55,51.064,-0.3272,80.82,57,40,12.66,scattered clouds
209,Castro,BR,2022-07-20 14:16:56,-24.7911,-50.0119,61.09,87,97,5.55,overcast clouds
210,Pisco,PE,2022-07-20 14:14:48,-13.7,-76.2167,59.05,88,100,5.75,mist
211,Georgetown,MY,2022-07-20 14:15:30,5.4112,100.3354,84.13,81,20,3.44,few clouds
212,Russell,US,2022-07-20 14:16:56,32.3502,-85.1999,82.96,69,64,6.26,broken clouds
213,Serebryanyy Bor,RU,2022-07-20 14:16:57,56.8,124.8,59.0,92,35,3.33,scattered clouds
214,Te Horo,NZ,2022-07-20 14:16:57,-40.8084,175.1233,47.8,93,100,8.01,moderate rain
215,Arraial Do Cabo,BR,2022-07-20 14:16:58,-22.9661,-42.0278,75.16,83,75,11.5,broken clouds
216,Puerto Quijarro,BO,2022-07-20 14:16:58,-17.7833,-57.7667,87.64,22,26,4.05,scattered clouds
217,Twentynine Palms,US,2022-07-20 14:16:59,34.1356,-116.0542,89.24,28,100,1.01,overcast clouds
218,Mogadishu,SO,2022-07-20 14:15:16,2.0371,45.3438,76.93,76,75,19.93,broken clouds
219,Kavaratti,IN,2022-07-20 14:17:00,10.5669,72.642,81.1,82,100,20.33,light rain
220,Vysokogornyy,RU,2022-07-20 14:17:00,50.1167,139.15,58.66,98,100,3.31,overcast clouds
221,Klaksvik,FO,2022-07-20 14:17:00,62.2266,-6.589,54.52,91,67,5.12,broken clouds
222,Ponta Delgada,PT,2022-07-20 14:12:34,37.7333,-25.6667,74.12,83,75,8.05,broken clouds
223,Cockburn Town,TC,2022-07-20 14:17:01,21.4612,-71.1419,81.55,77,0,19.15,clear sky
224,Mayumba,GA,2022-07-20 14:17:02,-3.432,10.6554,73.33,84,74,6.78,broken clouds
225,Praia,CV,2022-07-20 14:17:02,14.9215,-23.5087,84.74,70,20,10.36,few clouds
226,Maple Creek,CA,2022-07-20 14:17:03,49.9168,-109.4848,62.65,77,33,8.05,scattered clouds
227,Baiquan,CN,2022-07-20 14:17:03,47.5833,126.0833,70.3,81,35,4.79,scattered clouds
228,Aranos,NA,2022-07-20 14:18:04,-24.1333,19.1167,72.61,17,0,6.42,clear sky
229,Te Anau,NZ,2022-07-20 14:18:04,-45.4167,167.7167,39.94,96,93,3.96,overcast clouds
230,Grand Bank,CA,2022-07-20 14:15:35,47.0999,-55.765,66.97,87,58,26.11,broken clouds
231,Port-Gentil,GA,2022-07-20 14:18:05,-0.7193,8.7815,78.76,78,75,11.5,broken clouds
232,Poddorye,RU,2022-07-20 14:18:06,57.4695,31.1156,64.53,53,100,12.08,overcast clouds
233,Kahului,US,2022-07-20 14:18:06,20.8947,-156.47,73.42,73,0,14.97,clear sky
234,Kenai,US,2022-07-20 14:18:06,60.5544,-151.2583,52.09,97,100,3.44,overcast clouds
235,Pamekasan,ID,2022-07-20 14:18:07,-7.1568,113.4746,78.8,78,11,9.55,few clouds
236,Torres Vedras,PT,2022-07-20 14:18:07,39.0911,-9.2586,90.99,59,0,1.99,clear sky
237,Allanridge,ZA,2022-07-20 14:18:08,-27.7543,26.6438,63.61,45,54,2.08,broken clouds
238,Corrente,BR,2022-07-20 14:18:08,-3.7367,-43.3394,87.73,45,26,4.47,scattered clouds
239,Tambura,SS,2022-07-20 14:18:09,5.6,27.4667,75.49,75,89,2.51,overcast clouds
240,Sitka,US,2022-07-20 14:18:09,57.0531,-135.33,53.49,82,100,4.61,light rain
241,Sangar,RU,2022-07-20 14:18:10,63.9242,127.4739,68.7,69,97,5.53,overcast clouds
242,Umea,SE,2022-07-20 14:15:06,63.8284,20.2597,67.93,45,0,11.5,clear sky
243,Port Elizabeth,ZA,2022-07-20 14:18:11,-33.918,25.5701,60.1,89,75,8.05,broken clouds
244,Labuhan,ID,2022-07-20 14:18:11,-6.8844,112.2051,77.92,78,93,10.29,overcast clouds
245,Saint George,US,2022-07-20 14:13:27,37.1041,-113.5841,87.8,35,0,8.05,clear sky
246,Korla,CN,2022-07-20 14:18:12,41.7597,86.1469,76.23,34,2,12.84,clear sky
247,Paka,MY,2022-07-20 14:18:12,4.6374,103.4368,78.73,94,100,0.0,overcast clouds
248,Gizo,SB,2022-07-20 14:18:13,-8.103,156.8419,81.43,76,42,6.22,scattered clouds
249,Mehamn,NO,2022-07-20 14:18:13,71.0357,27.8492,57.15,94,100,3.44,overcast clouds
250,Belance,PH,2022-07-20 14:18:14,16.1833,121.25,69.39,95,97,2.66,overcast clouds
251,Manggar,ID,2022-07-20 14:18:14,-2.8833,108.2667,81.48,83,38,10.74,scattered clouds
252,Victoria,HK,2022-07-20 14:16:01,22.2855,114.1577,89.19,78,6,8.99,clear sky
253,Palmerston,AU,2022-07-20 14:18:15,-12.486,130.9833,73.38,83,0,4.61,clear sky
254,Ulladulla,AU,2022-07-20 14:18:15,-35.35,150.4667,53.47,79,85,3.09,overcast clouds
255,Leningradskiy,RU,2022-07-20 14:18:16,69.3833,178.4167,32.31,96,100,13.85,light snow
256,Plouzane,FR,2022-07-20 14:18:16,48.3833,-4.6167,68.05,83,100,12.66,overcast clouds
257,Beaverlodge,CA,2022-07-20 14:17:59,55.2166,-119.4361,54.75,67,4,5.44,clear sky
258,Saint-Medard-En-Jalles,FR,2022-07-20 14:18:17,44.8969,-0.7214,82.62,44,75,13.8,broken clouds
259,Marzuq,YE,2022-07-20 14:18:17,14.4,46.4667,85.51,38,100,3.38,overcast clouds
260,Kuliyapitiya,LK,2022-07-20 14:18:18,7.4688,80.0401,77.74,91,100,6.22,light rain
261,Namibe,AO,2022-07-20 14:18:18,-15.1961,12.1522,71.56,64,13,13.56,few clouds
262,Aykhal,RU,2022-07-20 14:18:19,66.0,111.5,54.1,59,100,9.26,overcast clouds
263,Portland,US,2022-07-20 14:13:29,45.5234,-122.6762,66.7,83,0,4.61,clear sky
264,Eucaliptus,BO,2022-07-20 14:18:20,-17.5833,-67.5167,50.0,18,33,3.8,scattered clouds
265,Simitli,BG,2022-07-20 14:18:20,41.8833,23.1167,90.32,23,15,4.14,few clouds
266,Brigantine,US,2022-07-20 14:18:21,39.4101,-74.3646,90.05,62,0,5.75,clear sky
267,Acarau,BR,2022-07-20 14:18:21,-2.8856,-40.12,85.93,55,11,10.11,few clouds
268,Tura,IN,2022-07-20 14:18:22,25.5198,90.2201,76.33,93,100,4.59,overcast clouds
269,Grand Gaube,MU,2022-07-20 14:18:22,-20.0064,57.6608,70.38,65,89,10.0,overcast clouds
270,Bemidji,US,2022-07-20 14:18:23,47.4736,-94.8803,69.91,82,0,18.41,clear sky
271,Xique-Xique,BR,2022-07-20 14:18:23,-10.8218,-42.7263,80.42,43,0,12.95,clear sky
272,Puksoozero,RU,2022-07-20 14:18:24,62.5903,40.6066,67.24,82,29,9.31,light rain
273,Winslow,US,2022-07-20 14:18:25,35.0242,-110.6974,75.38,57,0,6.91,clear sky
274,Tiznit,MA,2022-07-20 14:18:25,29.5833,-9.5,103.64,14,45,6.91,scattered clouds
275,Galle,LK,2022-07-20 14:19:26,6.0367,80.217,78.94,86,100,16.75,overcast clouds
276,San Quintin,MX,2022-07-20 14:19:26,30.4833,-115.95,68.61,81,100,3.02,overcast clouds
277,Xinzhou,CN,2022-07-20 14:19:27,38.4092,112.7333,69.85,64,0,1.79,clear sky
278,Acapulco,MX,2022-07-20 14:19:27,16.8634,-99.8901,82.22,74,0,6.91,clear sky
279,Kisangani,CD,2022-07-20 14:19:27,0.5167,25.2,80.44,71,100,1.28,light rain
280,Cabo San Lucas,MX,2022-07-20 14:16:03,22.8909,-109.9124,86.5,58,59,7.45,broken clouds
281,Sola,VU,2022-07-20 14:19:28,-13.8833,167.55,80.67,81,100,18.68,overcast clouds
282,Sorong,ID,2022-07-20 14:19:29,-0.8833,131.25,78.42,85,100,6.58,light rain
283,Monroe,US,2022-07-20 14:19:29,43.1501,-77.6831,86.41,66,20,10.36,few clouds
284,Kruisfontein,ZA,2022-07-20 14:19:30,-34.0033,24.7314,57.88,89,100,2.35,overcast clouds
285,Samarai,PG,2022-07-20 14:19:30,-10.6167,150.6667,80.37,80,21,6.02,few clouds
286,Berlevag,NO,2022-07-20 14:19:31,70.8578,29.0864,57.2,94,100,3.44,light rain
287,Northfield,US,2022-07-20 14:16:57,44.4583,-93.1616,76.98,73,100,14.97,overcast clouds
288,Sal Rei,CV,2022-07-20 14:19:32,16.1833,-22.9167,84.4,65,75,13.8,broken clouds
289,Odessa,UA,2022-07-20 14:19:32,46.4775,30.7326,81.68,42,64,8.28,broken clouds
290,Salalah,OM,2022-07-20 14:19:33,17.0151,54.0924,78.89,94,100,4.61,overcast clouds
291,Zheleznogorsk,RU,2022-07-20 14:19:34,52.331,35.3711,64.0,81,92,13.62,moderate rain
292,Katherine,AU,2022-07-20 14:19:34,-14.4667,132.2667,62.92,63,53,5.75,broken clouds
293,Ancud,CL,2022-07-20 14:19:35,-41.8697,-73.8203,46.22,91,100,16.15,moderate rain
294,Khartoum,SD,2022-07-20 14:19:35,15.5518,32.5324,103.01,28,92,8.75,overcast clouds
295,Dunedin,NZ,2022-07-20 14:15:26,-45.8742,170.5036,44.8,85,85,5.01,overcast clouds
296,Vaijapur,IN,2022-07-20 14:19:36,19.9167,74.7333,77.68,79,72,16.67,broken clouds
297,Warrnambool,AU,2022-07-20 14:19:37,-38.3833,142.4833,43.05,84,0,7.81,clear sky
298,Baruun-Urt,MN,2022-07-20 14:19:37,46.6806,113.2792,69.69,51,97,7.92,overcast clouds
299,Coahuayana,MX,2022-07-20 14:19:37,18.7333,-103.6833,80.71,77,77,3.44,broken clouds
300,Pelym,RU,2022-07-20 14:19:38,61.0108,61.9978,61.88,93,100,4.07,light rain
301,Arawa,PG,2022-07-20 14:19:38,-6.2132,155.5367,76.23,90,100,3.76,overcast clouds
302,Ayacucho,PE,2022-07-20 14:19:39,-13.1583,-74.2239,55.26,44,0,2.3,clear sky
303,Prescott Valley,US,2022-07-20 14:18:25,34.5894,-112.3252,79.41,54,0,7.0,clear sky
304,Lavrentiya,RU,2022-07-20 14:19:40,65.5833,-171.0,39.69,82,100,10.09,overcast clouds
305,Griffith,US,2022-07-20 14:19:40,41.5284,-87.4237,84.88,76,40,17.27,scattered clouds
306,Amuntai,ID,2022-07-20 14:19:41,-2.4177,115.2494,75.22,95,5,1.52,clear sky
307,Basco,PH,2022-07-20 14:19:41,20.4487,121.9702,85.66,78,0,14.41,clear sky
308,San Patricio,US,2022-07-20 14:19:42,28.017,-97.5169,87.69,64,2,15.21,clear sky
309,Chimbote,PE,2022-07-20 14:19:42,-9.0853,-78.5783,63.25,78,55,6.78,broken clouds
310,Riyadh,SA,2022-07-20 14:17:31,24.6877,46.7219,111.34,7,74,15.97,broken clouds
311,Port Lincoln,AU,2022-07-20 14:19:43,-34.7333,135.8667,50.79,71,6,13.62,clear sky
312,Khatanga,RU,2022-07-20 14:19:43,71.9667,102.5,51.49,47,100,19.42,overcast clouds
313,Touros,BR,2022-07-20 14:15:08,-5.1989,-35.4608,81.97,62,31,18.66,scattered clouds
314,Tabou,CI,2022-07-20 14:19:44,4.423,-7.3528,77.31,67,98,9.13,overcast clouds
315,Wagrowiec,PL,2022-07-20 14:19:45,52.8084,17.1996,96.87,20,70,8.66,broken clouds
316,Jacareacanga,BR,2022-07-20 14:19:45,-6.2222,-57.7528,84.04,40,83,3.06,broken clouds
317,Chegutu,ZW,2022-07-20 14:19:14,-18.1302,30.1407,70.68,35,86,5.97,overcast clouds
318,Mumford,GH,2022-07-20 14:19:46,5.2618,-0.759,76.37,66,100,9.91,overcast clouds
319,Pangkalanbuun,ID,2022-07-20 14:19:46,-2.6833,111.6167,75.27,95,8,3.24,clear sky
320,Whitefish,US,2022-07-20 14:18:48,48.4111,-114.3376,65.77,83,0,0.0,clear sky
321,Dudinka,RU,2022-07-20 14:20:47,69.4058,86.1778,56.62,83,100,5.1,light rain
322,Cherskiy,RU,2022-07-20 14:20:48,68.75,161.3,36.97,86,100,10.96,overcast clouds
323,Smirnykh,RU,2022-07-20 14:20:35,49.75,142.8333,53.85,93,46,3.02,scattered clouds
324,Penzance,GB,2022-07-20 14:20:48,50.1186,-5.5371,65.52,77,20,20.71,few clouds
325,Asyut,EG,2022-07-20 14:20:49,27.181,31.1837,102.47,14,0,16.02,clear sky
326,Ahipara,NZ,2022-07-20 14:20:49,-35.1667,173.1667,53.89,67,26,14.85,scattered clouds
327,Bismarck,US,2022-07-20 14:19:45,46.8083,-100.7837,74.43,69,0,12.66,clear sky
328,Tilichiki,RU,2022-07-20 14:20:50,60.4667,166.1,46.49,60,7,6.51,clear sky
329,Hazro,PK,2022-07-20 14:20:50,33.9091,72.4921,96.13,49,100,12.68,overcast clouds
330,Geraldton,AU,2022-07-20 14:20:51,-28.7667,114.6,66.61,72,100,11.5,overcast clouds
331,Verkhoyansk,RU,2022-07-20 14:20:51,67.5447,133.385,47.12,71,100,4.52,overcast clouds
332,Karaman,TR,2022-07-20 14:20:52,37.0833,33.25,78.46,32,0,16.04,clear sky
333,Necochea,AR,2022-07-20 14:20:53,-38.5473,-58.7368,55.53,59,2,20.18,clear sky
334,Barrow,US,2022-07-20 14:20:53,71.2906,-156.7887,37.42,100,0,8.05,clear sky
335,Umm Lajj,SA,2022-07-20 14:20:54,25.0213,37.2685,89.73,59,3,15.41,clear sky
336,Kargasok,RU,2022-07-20 14:20:54,59.0556,80.8572,64.15,72,74,4.32,broken clouds
337,Brae,GB,2022-07-20 14:20:55,60.3964,-1.353,57.9,80,100,12.86,overcast clouds
338,Clyde River,CA,2022-07-20 14:16:47,70.4692,-68.5914,39.43,87,100,5.75,overcast clouds
339,Camacupa,AO,2022-07-20 14:20:55,-12.0167,17.4833,80.82,19,5,4.32,clear sky
340,Victor Harbor,AU,2022-07-20 14:20:56,-35.5667,138.6167,52.0,77,54,7.02,broken clouds
341,Vestmannaeyjar,IS,2022-07-20 14:20:56,63.4427,-20.2734,58.19,72,0,16.11,clear sky
342,Vetlanda,SE,2022-07-20 14:20:57,57.4289,15.0776,94.24,17,15,8.14,few clouds
343,Talnakh,RU,2022-07-20 14:20:57,69.4865,88.3972,56.21,73,100,3.6,overcast clouds
344,Bambous Virieux,MU,2022-07-20 14:20:58,-20.3428,57.7575,70.21,68,40,19.57,scattered clouds
345,Ulcinj,ME,2022-07-20 14:20:58,41.9294,19.2244,97.99,40,2,15.55,clear sky
346,Ginda,IN,2022-07-20 14:20:59,30.6945,78.4932,68.47,95,100,1.72,overcast clouds
347,Staryy Nadym,RU,2022-07-20 14:20:59,65.6118,72.6842,65.77,43,16,18.34,few clouds
348,Tocopilla,CL,2022-07-20 14:21:00,-22.092,-70.1979,64.47,68,100,7.02,overcast clouds
349,Oster,UA,2022-07-20 14:21:00,50.9506,30.8823,66.34,77,99,13.6,light rain
350,Kafanchan,NG,2022-07-20 14:21:01,9.5833,8.3,74.32,83,100,3.38,light rain
351,Pombas,CV,2022-07-20 14:21:02,17.1503,-25.0201,82.18,85,36,10.38,scattered clouds
352,Fortuna,US,2022-07-20 14:21:02,40.5982,-124.1573,54.66,92,48,3.06,scattered clouds
353,Glasgow,GB,2022-07-20 14:21:03,55.8652,-4.2576,70.92,68,20,15.99,few clouds
354,Osoyoos,CA,2022-07-20 14:21:03,49.0331,-119.4524,66.96,72,7,1.14,clear sky
355,Hamilton,US,2022-07-20 14:18:51,39.1834,-84.5333,84.25,83,75,13.8,mist
356,Gunjur,GM,2022-07-20 14:21:04,13.2019,-16.7339,86.07,79,75,5.75,light rain
357,Meulaboh,ID,2022-07-20 14:21:05,4.1363,96.1285,78.13,82,100,1.99,moderate rain
358,Tsaratanana,MG,2022-07-20 14:21:05,-16.7833,47.65,70.75,63,35,13.22,scattered clouds
359,Kapit,MY,2022-07-20 14:21:06,2.0167,112.9333,76.64,87,45,0.45,scattered clouds
360,Adrar,MR,2022-07-20 14:21:06,20.5022,-10.0711,106.11,8,11,3.0,few clouds
361,Log,RU,2022-07-20 14:21:07,49.4844,43.8613,81.03,28,52,11.16,broken clouds
362,Tuatapere,NZ,2022-07-20 14:21:07,-46.1333,167.6833,41.95,87,100,1.72,overcast clouds
363,San Luis,AR,2022-07-20 14:22:08,-33.295,-66.3356,59.23,40,5,16.84,clear sky
364,Hit,IQ,2022-07-20 14:22:08,33.6416,42.8251,114.71,7,0,17.78,clear sky
365,Santa Maria,BR,2022-07-20 14:22:09,-29.6842,-53.8069,56.5,88,75,8.05,broken clouds
366,Thompson,CA,2022-07-20 14:22:09,55.7435,-97.8558,66.36,82,40,5.75,smoke
367,Taoudenni,ML,2022-07-20 14:22:09,22.6783,-3.9836,111.45,9,12,7.76,few clouds
368,Porto Velho,BR,2022-07-20 14:22:10,-8.7619,-63.9039,86.05,39,0,6.91,clear sky
369,Bonga,ET,2022-07-20 14:22:10,7.2833,36.2333,61.79,95,100,1.54,overcast clouds
370,Haapiti,PF,2022-07-20 14:22:11,-17.5667,-149.8667,69.53,73,7,11.65,clear sky
371,Naze,JP,2022-07-20 14:22:12,28.3667,129.4833,79.72,87,97,13.29,overcast clouds
372,Jibuti,DJ,2022-07-20 14:22:12,11.5,42.5,85.62,40,100,18.16,overcast clouds
373,Zaza Del Medio,CU,2022-07-20 14:22:13,21.9961,-79.3669,82.42,76,15,10.4,few clouds
374,Kletnya,RU,2022-07-20 14:22:13,53.3897,33.2171,63.88,65,1,13.8,light rain
375,Dimona,IL,2022-07-20 14:22:14,31.0667,35.0333,89.73,24,0,18.21,clear sky
376,Bakchar,RU,2022-07-20 14:22:14,57.0186,82.0711,63.43,72,100,0.67,overcast clouds
377,Nador,MA,2022-07-20 14:22:15,35.174,-2.9287,91.47,74,20,8.05,few clouds
378,Paidha,UG,2022-07-20 14:22:15,2.4167,30.9855,75.72,45,88,7.43,overcast clouds
379,Barcelona,ES,2022-07-20 14:21:05,41.3888,2.159,95.72,69,20,14.97,few clouds
380,Stepnyak,KZ,2022-07-20 14:22:16,52.8339,70.7803,77.81,51,65,13.76,broken clouds
381,Marsa Matruh,EG,2022-07-20 14:22:16,31.3525,27.2453,82.6,61,0,11.5,clear sky
382,Nanortalik,GL,2022-07-20 14:22:17,60.1432,-45.2371,51.19,87,90,14.36,overcast clouds
383,Kotelnikovo,RU,2022-07-20 14:22:17,47.6317,43.1461,86.04,21,15,3.56,few clouds
384,Atasu,KZ,2022-07-20 14:22:18,48.6814,71.6433,93.0,18,59,11.63,broken clouds
385,Ulaangom,MN,2022-07-20 14:22:18,49.9811,92.0667,62.37,37,29,2.73,light rain
386,Gejiu,CN,2022-07-20 14:22:19,23.306,103.1635,59.94,94,100,3.2,light rain
387,Stykkisholmur,IS,2022-07-20 14:22:19,65.0757,-22.7297,52.95,70,31,7.36,scattered clouds
388,Aklavik,CA,2022-07-20 14:22:20,68.2191,-135.0107,57.2,72,75,3.44,broken clouds
389,Kungurtug,RU,2022-07-20 14:22:08,50.5994,97.5228,54.75,62,100,1.86,overcast clouds
390,Boca Do Acre,BR,2022-07-20 14:22:20,-8.7522,-67.3978,83.91,42,5,4.07,clear sky
391,Bhinmal,IN,2022-07-20 14:22:21,25.0,72.25,88.65,61,89,14.72,overcast clouds
392,Eureka,US,2022-07-20 14:20:23,40.8021,-124.1637,55.67,83,68,2.21,broken clouds
393,Gurgentepe,TR,2022-07-20 14:22:21,40.7883,37.6017,60.69,91,92,4.14,overcast clouds
394,Tacna,PE,2022-07-20 14:22:22,-18.0056,-70.2483,52.7,87,100,0.0,overcast clouds
395,Hervey Bay,AU,2022-07-20 14:22:23,-25.2986,152.8535,64.53,69,92,24.07,overcast clouds
396,Constitucion,CL,2022-07-20 14:18:13,-35.3333,-72.4167,52.2,63,37,4.14,scattered clouds
397,Catumbela,AO,2022-07-20 14:22:23,-12.4314,13.5472,71.91,74,51,6.69,broken clouds
398,Zhanaozen,KZ,2022-07-20 14:22:24,43.3,52.8,103.24,14,0,7.63,clear sky
399,Luwuk,ID,2022-07-20 14:22:24,-0.9516,122.7875,76.62,86,7,3.83,clear sky
400,Mareeba,AU,2022-07-20 14:22:25,-17.0,145.4333,65.12,98,11,2.71,few clouds
401,Khor,RU,2022-07-20 14:22:25,47.8861,134.9464,61.61,95,67,6.08,broken clouds
402,Mikun,RU,2022-07-20 14:22:25,62.3547,50.0771,63.99,73,100,4.92,overcast clouds
403,Naryan-Mar,RU,2022-07-20 14:22:26,67.6713,53.087,68.67,55,15,16.42,few clouds
404,Urengoy,RU,2022-07-20 14:22:26,65.9667,78.3667,59.67,55,99,12.55,overcast clouds
405,Prince Rupert,CA,2022-07-20 14:22:27,54.3161,-130.3201,53.29,91,100,8.05,mist
406,Guasdualito,VE,2022-07-20 14:22:27,7.2424,-70.7324,78.91,80,48,2.84,scattered clouds
407,Faya,SA,2022-07-20 14:22:28,18.3851,42.4509,75.31,37,100,9.1,overcast clouds
408,Tshikapa,CD,2022-07-20 14:22:28,-6.4167,20.8,97.05,20,12,3.09,few clouds
409,Portree,GB,2022-07-20 14:22:29,57.4129,-6.1942,57.52,87,100,10.02,overcast clouds
410,Salaya,IN,2022-07-20 14:22:29,22.3167,69.6,83.62,76,90,18.95,overcast clouds
411,Yumen,CN,2022-07-20 14:22:30,40.2833,97.2,67.15,52,93,32.44,light rain
412,Bestobe,KZ,2022-07-20 14:22:30,52.4994,73.0975,78.91,48,82,13.67,light rain
413,Novo Aripuana,BR,2022-07-20 14:24:06,-5.1206,-60.3797,77.09,56,100,2.13,overcast clouds
414,Annaka,JP,2022-07-20 14:24:07,36.3167,138.9,74.32,77,92,4.54,light rain
415,Elko,US,2022-07-20 14:24:08,41.0002,-115.5012,67.05,56,69,1.01,broken clouds
416,Iracoubo,GF,2022-07-20 14:24:09,5.4802,-53.2011,82.18,71,18,6.82,few clouds
417,La Seyne-Sur-Mer,FR,2022-07-20 14:24:10,43.0982,5.8847,90.64,70,0,11.01,clear sky
418,Todos Santos,MX,2022-07-20 14:24:11,23.45,-110.2167,89.31,72,85,8.32,overcast clouds
419,Surt,LY,2022-07-20 14:24:11,31.2089,16.5887,83.79,58,0,13.51,clear sky
420,Moron,AR,2022-07-20 14:24:12,-34.6534,-58.6198,57.94,72,0,7.34,clear sky
421,Narrabri,AU,2022-07-20 14:24:12,-30.3167,149.7833,53.53,67,61,3.0,broken clouds
422,Warrington,GB,2022-07-20 14:23:19,53.3925,-2.5802,74.62,66,75,18.41,broken clouds
423,Ust-Omchug,RU,2022-07-20 14:24:13,61.15,149.6333,66.13,76,86,3.0,overcast clouds
424,Havoysund,NO,2022-07-20 14:24:14,70.9963,24.6622,53.83,85,59,14.05,broken clouds
425,Lazaro Cardenas,MX,2022-07-20 14:24:14,17.9583,-102.2,80.38,84,98,2.64,overcast clouds
426,Kwidzyn,PL,2022-07-20 14:24:15,53.7249,18.9311,86.27,44,0,5.82,clear sky
427,Havelian,PK,2022-07-20 14:24:15,34.0536,73.1657,80.82,77,100,4.79,overcast clouds
428,Bauchi,NG,2022-07-20 14:24:16,10.5,10.0,70.23,95,100,6.26,light rain
429,Sakakah,SA,2022-07-20 14:24:16,29.9697,40.2064,114.37,7,15,14.47,few clouds
430,Juba,SS,2022-07-20 14:24:17,4.8517,31.5825,84.27,50,44,2.42,scattered clouds
431,Shenjiamen,CN,2022-07-20 14:24:17,29.9576,122.298,78.15,93,100,13.38,overcast clouds
432,Jiayuguan,CN,2022-07-20 14:24:18,39.8167,98.3,71.31,40,100,23.42,overcast clouds
433,Yilan,TW,2022-07-20 14:24:18,24.757,121.753,86.36,99,76,1.61,broken clouds
434,Alice Springs,AU,2022-07-20 14:24:19,-23.7,133.8833,42.35,56,2,0.0,clear sky
435,Ptolemais,GR,2022-07-20 14:24:19,40.5147,21.6786,88.84,24,1,8.14,clear sky
436,Baykit,RU,2022-07-20 14:24:20,61.67,96.37,59.04,84,90,2.28,overcast clouds
437,Urumqi,CN,2022-07-20 14:24:20,43.801,87.6005,74.35,27,0,2.24,clear sky
438,Grindavik,IS,2022-07-20 14:24:21,63.8424,-22.4338,57.15,71,20,14.97,few clouds
439,Neuquen,AR,2022-07-20 14:24:21,-38.9516,-68.0591,62.49,23,0,14.97,clear sky
440,Killarney,IE,2022-07-20 14:24:22,52.05,-9.5167,60.85,72,100,10.36,overcast clouds
441,Bethel,US,2022-07-20 14:21:40,41.3712,-73.414,88.9,68,0,3.44,clear sky
442,Mecca,SA,2022-07-20 14:23:39,21.4267,39.8261,98.96,27,61,12.21,broken clouds
443,Quatre Cocos,MU,2022-07-20 14:24:23,-20.2078,57.7625,70.09,61,78,23.2,broken clouds
444,Nouakchott,MR,2022-07-20 14:24:23,18.0858,-15.9785,84.13,78,67,16.84,broken clouds
445,Rio Gallegos,AR,2022-07-20 14:24:24,-51.6226,-69.2181,35.65,69,0,42.57,clear sky
446,Alta Floresta,BR,2022-07-20 14:24:24,-9.8756,-56.0861,91.22,33,0,11.5,clear sky
447,Ilo,PE,2022-07-20 14:24:24,-17.6394,-71.3375,59.86,82,100,5.75,overcast clouds
448,Oil City,US,2022-07-20 14:24:25,41.4339,-79.7064,82.8,76,20,9.22,few clouds
449,Vila Franca Do Campo,PT,2022-07-20 14:24:25,37.7167,-25.4333,73.81,69,43,4.05,scattered clouds
450,Bukachacha,RU,2022-07-20 14:24:26,52.9833,116.9167,61.63,95,100,3.06,overcast clouds
451,Santa Cruz,BO,2022-07-20 14:24:19,-17.8,-63.1667,73.45,49,14,2.3,few clouds
452,Riachao,BR,2022-07-20 14:24:27,-7.3619,-46.6172,87.33,30,12,10.96,few clouds
453,Codrington,AU,2022-07-20 14:24:27,-38.2667,141.9667,40.35,88,0,7.67,clear sky
454,Dauphin,CA,2022-07-20 14:24:28,51.1494,-100.0502,68.14,83,40,10.36,scattered clouds
455,Straumen,NO,2022-07-20 14:24:28,63.8709,11.2999,66.2,83,100,1.12,overcast clouds
456,Ambon,ID,2022-07-20 14:24:29,-3.6954,128.1814,79.23,14,40,5.75,scattered clouds
457,Hailar,CN,2022-07-20 14:24:29,49.2,119.7,69.39,62,2,5.23,clear sky
458,Bairiki,KI,2022-07-20 14:24:30,1.3292,172.9752,78.8,94,40,2.3,light rain
459,Sault Sainte Marie,CA,2022-07-20 14:21:01,46.5168,-84.3333,75.49,79,0,11.5,clear sky
460,Alofi,NU,2022-07-20 14:23:37,-19.0595,-169.9187,71.49,88,32,11.5,scattered clouds
461,Hobe Sound,US,2022-07-20 14:25:31,27.0595,-80.1364,88.99,65,1,6.17,clear sky
462,Carahue,CL,2022-07-20 14:25:31,-38.7,-73.1667,52.56,92,100,6.24,overcast clouds
463,Bilibino,RU,2022-07-20 14:25:32,68.0546,166.4372,38.37,90,84,6.33,broken clouds
464,Barcelos,PT,2022-07-20 14:25:32,41.5388,-8.6151,90.91,40,0,10.13,clear sky
465,Omaruru,NA,2022-07-20 14:25:33,-21.4333,15.9333,74.8,15,0,2.93,clear sky
466,Plettenberg Bay,ZA,2022-07-20 14:25:33,-34.0527,23.3716,56.17,79,94,3.65,overcast clouds
467,High Level,CA,2022-07-20 14:25:33,58.5169,-117.136,62.71,67,40,8.05,scattered clouds
468,Sainte-Maxime,FR,2022-07-20 14:25:34,43.3,6.6333,101.75,46,0,6.58,clear sky
469,Saint-Pierre,RE,2022-07-20 14:25:34,-21.3393,55.4781,71.28,58,0,10.36,clear sky
470,Svetlogorsk,BY,2022-07-20 14:25:35,52.6333,29.7333,67.71,54,25,17.34,scattered clouds
471,Cloppenburg,DE,2022-07-20 14:25:35,52.85,8.0333,94.69,37,0,10.13,clear sky
472,Neya,RU,2022-07-20 14:25:36,58.2972,43.8681,66.04,63,100,9.37,light rain
473,Haines Junction,CA,2022-07-20 14:25:36,60.7522,-137.5108,49.95,66,100,3.44,overcast clouds
474,Kapuskasing,CA,2022-07-20 14:25:37,49.4169,-82.4331,71.6,83,100,9.22,overcast clouds
475,Mahibadhoo,MV,2022-07-20 14:25:38,3.7833,72.9667,80.2,80,100,8.37,light rain
476,Morondava,MG,2022-07-20 14:25:38,-20.2833,44.2833,76.21,63,0,14.41,clear sky
477,Gigmoto,PH,2022-07-20 14:25:39,13.7796,124.39,81.86,85,100,5.66,overcast clouds
478,Roseburg,US,2022-07-20 14:22:02,43.2165,-123.3417,61.11,87,0,0.0,clear sky
479,Nieuw Amsterdam,SR,2022-07-20 14:25:40,5.8833,-55.0833,88.02,74,40,6.91,scattered clouds
480,Lyngseidet,NO,2022-07-20 14:25:40,69.5763,20.2189,68.0,69,92,14.03,overcast clouds
481,Paciran,ID,2022-07-20 14:25:41,-6.8767,112.3761,78.71,77,77,9.64,broken clouds
482,Tortoli,IT,2022-07-20 14:25:41,39.9256,9.6572,90.46,42,0,9.98,clear sky
483,Hofn,IS,2022-07-20 14:25:42,64.2539,-15.2082,55.42,71,75,6.91,broken clouds
484,Marshfield,US,2022-07-20 14:20:55,44.6689,-90.1718,72.48,78,100,14.97,overcast clouds
485,Waitati,NZ,2022-07-20 14:25:42,-45.75,170.5667,44.8,86,85,7.99,overcast clouds
486,Rio Grande,BR,2022-07-20 14:25:43,-32.035,-52.0986,59.11,84,0,13.58,clear sky
487,Zhaoyuan,CN,2022-07-20 14:25:44,37.3592,120.3964,68.02,93,1,3.0,clear sky
488,Vao,NC,2022-07-20 14:25:44,-22.6667,167.4833,73.94,89,100,8.46,overcast clouds
489,Kirakira,SB,2022-07-20 14:25:44,-10.4544,161.9205,79.16,84,31,6.96,scattered clouds
490,Trat,TH,2022-07-20 14:25:45,12.5,102.5,80.91,95,100,2.46,overcast clouds
491,Portel,BR,2022-07-20 14:25:45,-1.9356,-50.8211,87.73,56,84,4.0,broken clouds
492,Vinh Long,VN,2022-07-20 14:25:46,10.25,105.9667,75.18,93,100,4.88,overcast clouds
493,Phan Thiet,VN,2022-07-20 14:25:47,10.9333,108.1,76.41,94,100,3.24,moderate rain
494,Gedo,ET,2022-07-20 14:25:47,9.0167,37.45,50.7,99,100,2.91,light rain
495,Husavik,IS,2022-07-20 14:25:47,66.0449,-17.3389,46.17,85,100,7.63,overcast clouds
496,Kalemie,CD,2022-07-20 14:25:48,-5.9475,29.1947,79.61,43,7,7.0,clear sky
497,Puerto Colombia,CO,2022-07-20 14:25:48,10.9878,-74.9547,84.29,76,98,13.91,overcast clouds
498,Nome,US,2022-07-20 14:25:49,64.5011,-165.4064,44.67,93,100,12.66,light rain
499,Palomares,MX,2022-07-20 14:25:49,17.15,-95.0667,77.43,87,99,5.77,overcast clouds
500,Isla Mujeres,MX,2022-07-20 14:24:03,21.2311,-86.731,86.16,78,0,7.63,clear sky
501,Chifeng,CN,2022-07-20 14:22:19,42.2683,118.9636,68.79,85,100,5.79,overcast clouds
502,Boa Vista,BR,2022-07-20 14:25:50,2.8197,-60.6733,82.38,69,75,11.5,broken clouds
503,Excelsior Springs,US,2022-07-20 14:25:51,39.3392,-94.2261,84.7,63,0,3.44,clear sky
504,Erzurum,TR,2022-07-20 14:26:51,40.0,41.5,85.68,24,5,9.04,clear sky
505,Muchkapskiy,RU,2022-07-20 14:26:52,51.8513,42.4717,71.87,49,100,6.31,overcast clouds
506,Xinmin,CN,2022-07-20 14:26:52,41.9908,122.8253,69.01,92,100,11.32,overcast clouds
507,Soe,ID,2022-07-20 14:26:53,-9.8607,124.284,62.98,91,73,4.29,broken clouds
508,Solnechnyy,RU,2022-07-20 14:26:53,50.7214,136.6319,57.52,95,96,4.94,overcast clouds
509,Ust-Nera,RU,2022-07-20 14:26:54,64.5667,143.2,58.14,81,95,7.7,overcast clouds
510,Sindgi,IN,2022-07-20 14:26:54,16.9167,76.2333,83.5,63,100,13.4,overcast clouds
511,Broken Hill,AU,2022-07-20 14:26:55,-31.95,141.4333,44.47,53,9,10.49,clear sky
512,Kieta,PG,2022-07-20 14:26:55,-6.2167,155.6333,78.4,83,100,5.06,overcast clouds
513,Ballina,AU,2022-07-20 14:26:56,-28.8667,153.5667,55.02,98,100,15.08,overcast clouds
514,Senneterre,CA,2022-07-20 14:26:56,48.3835,-77.2328,59.18,93,100,5.75,overcast clouds
515,Porto Novo,BJ,2022-07-20 14:26:57,6.4965,2.6036,79.45,61,99,9.62,overcast clouds
516,Rapid Valley,US,2022-07-20 14:26:57,44.0625,-103.1463,82.63,41,0,5.01,clear sky
517,Flin Flon,CA,2022-07-20 14:26:58,54.7682,-101.865,69.64,60,40,13.8,smoke
518,Diamantino,BR,2022-07-20 14:22:25,-14.4086,-56.4461,88.0,22,95,4.45,overcast clouds
519,Sidi Ali,DZ,2022-07-20 14:26:58,36.0998,0.4206,85.44,55,2,9.35,clear sky
520,Longhua,CN,2022-07-20 14:26:59,23.6137,114.1919,80.42,84,67,1.79,broken clouds
521,Fort Nelson,CA,2022-07-20 14:26:59,58.8053,-122.7002,54.99,71,20,5.75,few clouds
522,Kemijarvi,FI,2022-07-20 14:27:00,66.7131,27.4306,68.77,56,62,6.11,broken clouds
523,Salasu De Sus,RO,2022-07-20 14:27:00,45.5167,22.95,86.86,24,0,5.14,clear sky
524,Egvekinot,RU,2022-07-20 14:27:01,66.3167,-179.1667,32.65,73,23,12.73,few clouds
525,Yar-Sale,RU,2022-07-20 14:27:01,66.8333,70.8333,65.53,43,20,13.58,few clouds
526,Walvis Bay,NA,2022-07-20 14:25:02,-22.9575,14.5053,68.95,52,0,10.36,clear sky
527,Yatou,CN,2022-07-20 14:27:02,37.15,122.3833,69.75,94,100,10.54,light rain
528,Northam,GB,2022-07-20 14:27:02,51.0333,-4.2167,65.39,87,98,15.84,overcast clouds
529,Mogwase,ZA,2022-07-20 14:27:03,-25.185,27.2665,65.08,40,99,10.56,overcast clouds
530,Zasheyek,RU,2022-07-20 14:27:04,67.4066,32.5499,65.95,67,100,1.77,overcast clouds
531,Paamiut,GL,2022-07-20 14:27:04,61.994,-49.6678,45.37,96,100,10.87,overcast clouds
532,Kloulklubed,PW,2022-07-20 14:27:05,7.0419,134.2556,75.7,70,99,1.86,overcast clouds
533,Sarangani,PH,2022-07-20 14:27:05,5.4033,125.4636,82.38,76,69,5.39,broken clouds
534,Aksu,CN,2022-07-20 14:27:06,41.1231,80.2644,86.27,18,0,5.39,clear sky
535,Mega,ET,2022-07-20 14:27:06,4.05,38.3,63.43,62,92,14.72,overcast clouds
536,Nagapattinam,IN,2022-07-20 14:27:07,10.7667,79.8333,84.67,71,61,9.8,broken clouds
537,Nikki,BJ,2022-07-20 14:27:07,9.9401,3.2108,85.1,49,29,5.41,scattered clouds
538,Cabedelo,BR,2022-07-20 14:27:08,-6.9811,-34.8339,83.07,70,10,15.12,clear sky
539,Gasa,PS,2022-07-20 14:27:08,31.5,34.4667,92.88,53,0,15.03,clear sky
540,Tanete,ID,2022-07-20 14:27:09,-3.9443,119.7848,76.15,93,96,5.5,overcast clouds
541,Alyangula,AU,2022-07-20 14:27:09,-13.8483,136.4192,68.07,78,4,7.63,clear sky
542,Togur,RU,2022-07-20 14:27:10,58.3631,82.8265,64.06,72,62,4.56,broken clouds
543,Baisha,CN,2022-07-20 14:27:10,26.5222,110.9311,79.48,86,100,4.61,light rain
544,Tahe,CN,2022-07-20 14:27:11,52.3333,124.7333,65.07,84,14,3.42,few clouds
545,Jishou,CN,2022-07-20 14:27:11,28.3167,109.7167,77.43,94,100,0.98,overcast clouds
546,San Juan,AR,2022-07-20 14:26:54,-31.5375,-68.5364,56.43,29,0,4.9,clear sky
547,General Roca,AR,2022-07-20 14:27:12,-39.0333,-67.5833,59.63,33,1,20.2,clear sky
548,Lisakovsk,KZ,2022-07-20 14:27:13,52.5369,62.4936,77.05,42,100,13.15,overcast clouds
549,Saraza,PH,2022-07-20 14:28:14,8.7356,117.78,79.56,83,83,1.92,broken clouds
550,Ketchikan,US,2022-07-20 14:28:15,55.3422,-131.6461,55.87,88,100,4.61,overcast clouds
551,Gorontalo,ID,2022-07-20 14:28:15,0.5412,123.0595,75.47,94,83,2.68,broken clouds
552,Kismayo,SO,2022-07-20 14:28:16,-0.3582,42.5454,77.4,66,61,17.76,broken clouds
553,Blythe,US,2022-07-20 14:28:16,33.6103,-114.5964,93.04,45,0,20.71,haze
554,Fagernes,NO,2022-07-20 14:28:17,60.9858,9.2324,82.9,35,100,13.15,light rain
555,Bago,MM,2022-07-20 14:28:17,17.3367,96.4797,80.49,87,100,5.48,overcast clouds
556,Arani,IN,2022-07-20 14:28:18,12.6667,79.2833,85.73,64,99,5.88,overcast clouds
557,Mwandiga,TZ,2022-07-20 14:28:18,-4.83,29.6581,81.01,44,26,7.58,scattered clouds
558,Icod De Los Vinos,ES,2022-07-20 14:28:19,28.3724,-16.7119,86.34,52,18,14.2,few clouds
559,Chumikan,RU,2022-07-20 14:28:19,54.7183,135.315,51.37,100,100,7.25,light rain
560,Hami,CN,2022-07-20 14:28:19,42.8,93.45,67.73,59,100,14.0,light rain
561,Ha Tinh,VN,2022-07-20 14:28:20,18.3333,105.9,79.92,89,35,4.12,scattered clouds
562,Albacete,ES,2022-07-20 14:28:21,38.8333,-2.0,94.19,21,0,4.61,clear sky
563,Coquimbo,CL,2022-07-20 14:28:21,-29.9533,-71.3436,49.73,100,100,5.75,mist
564,Iskateley,RU,2022-07-20 14:28:21,67.6803,53.1512,68.79,55,18,16.35,few clouds
565,Saint Anthony,US,2022-07-20 14:28:22,45.0205,-93.218,77.14,72,100,18.41,overcast clouds
566,Martin,US,2022-07-20 14:28:22,27.0837,-80.4164,88.97,75,0,4.85,clear sky
567,Chicama,PE,2022-07-20 14:28:23,-7.8447,-79.1469,59.54,75,44,5.01,scattered clouds
568,Gao,ML,2022-07-20 14:28:23,16.6362,1.637,91.2,44,83,9.73,broken clouds
569,Valleyview,CA,2022-07-20 14:28:24,55.0667,-117.2859,57.24,58,7,10.36,clear sky
570,Karaton,ID,2022-07-20 14:28:24,-6.3424,106.1045,73.87,95,25,3.38,scattered clouds
571,Danshui,CN,2022-07-20 14:28:25,22.7984,114.4672,82.87,81,30,3.4,scattered clouds
572,Berbera,SO,2022-07-20 14:28:25,10.4396,45.0143,91.42,44,94,13.27,overcast clouds
573,Erdenet,MN,2022-07-20 14:28:26,49.0333,104.0833,54.05,87,100,5.57,overcast clouds
574,Sabang,ID,2022-07-20 14:28:26,5.8933,95.3214,83.1,78,100,22.95,overcast clouds
575,Mount Isa,AU,2022-07-20 14:28:26,-20.7333,139.5,47.97,57,0,5.75,clear sky
576,Uruzgan,AF,2022-07-20 14:28:27,32.8333,66.0,95.23,7,0,11.97,clear sky
577,Catia La Mar,VE,2022-07-20 14:28:27,10.6038,-67.0303,88.99,73,58,2.37,broken clouds
578,Puerto Suarez,BO,2022-07-20 14:28:28,-18.95,-57.8,79.36,61,0,4.61,clear sky
579,Pacific Grove,US,2022-07-20 14:28:28,36.6177,-121.9166,55.08,96,100,5.99,mist
580,Ewa Beach,US,2022-07-20 14:28:29,21.3156,-158.0072,76.95,74,20,11.5,few clouds
581,Olafsvik,IS,2022-07-20 14:28:29,64.8945,-23.7142,52.12,77,10,6.55,clear sky
582,Barra Do Corda,BR,2022-07-20 14:28:30,-5.5,-45.25,90.16,31,60,6.53,broken clouds
583,Tambopata,PE,2022-07-20 14:28:30,-12.7333,-69.1833,78.69,78,0,2.3,clear sky
584,Kosh-Agach,RU,2022-07-20 14:28:31,50.0,88.6667,51.03,57,17,4.97,few clouds
585,Chihuahua,MX,2022-07-20 14:28:31,28.5,-106.0,74.23,43,53,5.53,broken clouds
586,Tautira,PF,2022-07-20 14:28:32,-17.7333,-149.15,76.05,75,1,9.06,light rain
587,Botwood,CA,2022-07-20 14:28:32,49.1499,-55.3482,63.63,89,100,15.57,overcast clouds
588,Nortelandia,BR,2022-07-20 14:28:33,-14.4547,-56.8028,88.84,21,52,3.76,broken clouds
589,Bathsheba,BB,2022-07-20 14:28:33,13.2167,-59.5167,85.05,87,20,14.97,few clouds
590,Avera,US,2022-07-20 14:28:33,33.194,-82.5271,78.39,69,4,10.11,clear sky
591,Kilindoni,TZ,2022-07-20 14:28:34,-7.9139,39.6668,74.43,77,37,14.12,light rain
592,San Jose,US,2022-07-20 14:25:50,37.3394,-121.895,60.93,85,100,5.75,overcast clouds
593,Broome,US,2022-07-20 14:28:35,42.2506,-75.833,85.01,66,0,5.75,clear sky
594,Vila Do Maio,CV,2022-07-20 14:28:35,15.1333,-23.2167,84.99,80,64,5.61,broken clouds
595,Guaymas,MX,2022-07-20 14:28:36,27.9333,-110.9,84.88,84,75,0.0,broken clouds
596,Cetraro,IT,2022-07-20 14:28:36,39.5166,15.9416,95.23,40,0,4.65,clear sky
597,Ayagoz,KZ,2022-07-20 14:29:37,47.9714,80.4392,77.0,22,84,4.63,broken clouds
598,Ryotsu,JP,2022-07-20 14:29:37,38.0833,138.4333,72.5,87,85,4.23,overcast clouds
599,Colombia,CU,2022-07-20 14:29:38,20.9881,-77.4297,82.58,69,50,13.69,scattered clouds
600,Xinqing,CN,2022-07-20 14:29:38,48.2333,129.5,63.01,96,64,1.77,broken clouds
601,Pingdingshan,CN,2022-07-20 14:29:39,33.7385,113.3012,77.09,76,93,4.52,overcast clouds
602,Hobyo,SO,2022-07-20 14:29:39,5.3505,48.5268,78.08,73,39,30.98,scattered clouds
603,Ugoofaaru,MV,2022-07-20 14:29:39,5.6667,73.0,81.14,78,100,14.58,heavy intensity rain
604,Tiarei,PF,2022-07-20 14:29:40,-17.5333,-149.3333,69.82,70,7,6.93,light rain
605,Kitami,JP,2022-07-20 14:29:40,43.8031,143.8908,57.11,93,100,2.35,overcast clouds
606,Gari,RU,2022-07-20 14:29:41,59.4307,62.3497,65.8,88,10,7.9,light rain
607,Chelno-Vershiny,RU,2022-07-20 14:29:41,54.4333,51.1,66.13,71,98,11.54,light rain
608,Tigil,RU,2022-07-20 14:29:42,57.8,158.6667,52.12,95,100,2.57,overcast clouds
609,Uthai Thani,TH,2022-07-20 14:29:43,15.3833,99.55,80.51,81,100,4.45,light rain
610,Tougan,BF,2022-07-20 14:29:43,13.0667,-3.0667,84.65,60,100,10.87,light rain
611,Shetpe,KZ,2022-07-20 14:29:44,44.1667,52.1167,89.8,25,78,23.69,broken clouds
612,Ankang,CN,2022-07-20 14:29:44,32.68,109.0172,76.26,71,2,1.43,clear sky
613,Pervomayskiy,RU,2022-07-20 14:29:45,53.2485,40.2871,58.23,94,100,3.22,heavy intensity rain
614,Kitimat,CA,2022-07-20 14:29:45,54.0524,-128.6534,52.92,26,29,0.49,scattered clouds
615,Chernyshevsk,RU,2022-07-20 14:29:46,52.5243,117.0174,64.56,89,100,6.4,light rain
616,Pacifica,US,2022-07-20 14:29:46,37.6138,-122.4869,60.42,95,75,8.01,mist
617,Nizhnyaya Tavda,RU,2022-07-20 14:29:47,57.6731,66.1725,69.01,88,75,1.63,moderate rain
618,Sangareddi,IN,2022-07-20 14:29:47,17.6294,78.0917,80.92,70,99,6.58,overcast clouds
619,Izhevskoye,RU,2022-07-20 14:29:48,54.5567,40.8703,61.63,86,100,9.48,light rain
620,Caceres,ES,2022-07-20 14:29:48,39.522,-6.3748,99.52,10,0,3.38,clear sky
621,Ostrovnoy,RU,2022-07-20 14:29:49,68.0531,39.5131,53.94,81,9,9.33,clear sky
622,Yulara,AU,2022-07-20 14:29:49,-25.2406,130.9889,53.6,41,54,11.9,broken clouds
623,Santa Isabel Do Rio Negro,BR,2022-07-20 14:29:50,-0.4139,-65.0192,72.16,99,100,3.51,overcast clouds
624,Sisimiut,GL,2022-07-20 14:29:50,66.9395,-53.6735,54.72,62,100,2.95,overcast clouds
625,Arlit,NE,2022-07-20 14:29:52,18.7369,7.3853,96.3,26,76,4.52,broken clouds
626,Cascais,PT,2022-07-20 14:29:52,38.6979,-9.4215,91.22,52,20,24.16,few clouds
627,Paharpur,PK,2022-07-20 14:29:53,32.1038,70.9724,109.24,26,1,7.81,clear sky
628,Port Hawkesbury,CA,2022-07-20 14:25:31,45.6169,-61.3485,74.17,71,20,13.8,few clouds
629,Bara,NG,2022-07-20 14:29:53,10.3744,10.7288,73.11,90,100,1.28,light rain
630,Mertoyudan,ID,2022-07-20 14:29:54,-7.52,110.2264,71.01,96,89,2.57,overcast clouds
631,Arauco,CL,2022-07-20 14:29:54,-37.2463,-73.3175,51.51,96,100,4.23,overcast clouds
632,Manokwari,ID,2022-07-20 14:29:55,-0.8667,134.0833,78.73,79,100,7.05,overcast clouds
633,Nishihara,JP,2022-07-20 14:29:55,26.1842,127.7558,83.48,94,45,8.05,scattered clouds
634,Ojinaga,MX,2022-07-20 14:29:56,29.5667,-104.4167,90.55,35,0,6.91,clear sky
635,Innisfail,AU,2022-07-20 14:29:56,-17.5333,146.0333,67.12,87,100,6.04,overcast clouds
636,Kamenka,RU,2022-07-20 14:29:57,51.3223,42.7678,72.61,47,70,13.11,broken clouds
637,Huntington,US,2022-07-20 14:27:51,38.4193,-82.4452,82.54,81,40,8.05,scattered clouds
638,Verkhniy Landekh,RU,2022-07-20 14:29:58,56.8389,42.5994,65.05,68,83,9.26,light rain
639,Lubango,AO,2022-07-20 14:25:22,-14.9172,13.4925,76.86,19,5,6.91,haze
640,Mapiripan,CO,2022-07-20 14:29:58,2.8892,-72.1256,71.64,98,100,4.43,overcast clouds
641,Palmer,US,2022-07-20 14:29:59,42.1584,-72.3287,87.46,61,1,1.01,clear sky
642,Ust-Tsilma,RU,2022-07-20 14:29:59,65.441,52.1498,71.53,50,96,3.2,overcast clouds
643,Nova Cruz,BR,2022-07-20 14:30:00,-6.4781,-35.4339,82.42,56,3,15.01,clear sky
644,Boali,CF,2022-07-20 14:30:00,4.8005,18.1275,79.16,83,56,3.56,light rain
645,Raudeberg,NO,2022-07-20 14:31:01,61.9875,5.1352,59.67,99,100,9.55,overcast clouds
646,Nyurba,RU,2022-07-20 14:31:01,63.2842,118.3319,54.82,99,100,4.27,moderate rain
647,Evanston,US,2022-07-20 14:26:12,42.0411,-87.6901,84.2,65,20,12.66,few clouds
648,Bichena,ET,2022-07-20 14:31:02,10.45,38.2,53.01,93,100,1.3,light rain
649,Causapscal,CA,2022-07-20 14:31:03,48.3542,-67.227,68.31,58,54,15.52,broken clouds
650,Hirara,JP,2022-07-20 14:31:03,24.8,125.2833,84.74,84,5,12.21,clear sky
651,Garowe,SO,2022-07-20 14:31:04,8.4054,48.4845,79.65,43,88,23.29,overcast clouds
652,Sacramento,US,2022-07-20 14:30:26,38.4666,-121.3177,79.93,63,0,5.75,clear sky
653,Leku,ET,2022-07-20 14:31:04,6.8667,38.45,63.14,75,99,4.68,light rain
654,Yamada,JP,2022-07-20 14:31:05,39.4667,141.95,67.51,96,35,4.14,scattered clouds
655,Najran,SA,2022-07-20 14:31:05,17.4924,44.1277,97.45,20,100,5.7,overcast clouds
656,Riviere-Au-Renard,CA,2022-07-20 14:31:06,48.9957,-64.3971,68.29,68,94,24.43,overcast clouds
657,Rincon,US,2022-07-20 14:31:07,32.296,-81.2354,85.86,78,75,6.91,broken clouds
658,Minab,IR,2022-07-20 14:31:09,27.1467,57.0801,95.32,59,0,9.22,clear sky
659,Vila Velha,BR,2022-07-20 14:27:25,-20.3297,-40.2925,76.95,76,75,9.22,broken clouds
660,Zhigansk,RU,2022-07-20 14:31:09,66.7697,123.3711,51.87,64,92,15.73,overcast clouds
661,Grande Prairie,CA,2022-07-20 14:30:16,55.1667,-118.8027,55.58,62,20,9.22,few clouds
662,Mitsamiouli,KM,2022-07-20 14:31:11,-11.3847,43.2844,82.69,44,20,9.22,few clouds
663,Imeni Poliny Osipenko,RU,2022-07-20 14:31:11,52.4201,136.4853,57.06,94,100,9.08,overcast clouds
664,Cianorte,BR,2022-07-20 14:27:47,-23.6633,-52.605,75.13,59,1,10.36,clear sky
665,Maamba,ZM,2022-07-20 14:31:12,-17.3667,27.15,71.28,51,77,6.42,broken clouds
666,Mancio Lima,BR,2022-07-20 14:31:12,-7.6142,-72.8958,80.67,78,0,5.75,clear sky
667,Tagbac,PH,2022-07-20 14:31:13,7.089,125.1567,71.91,92,65,1.97,broken clouds
668,Caiaponia,BR,2022-07-20 14:31:13,-16.9567,-51.8103,84.7,21,4,9.35,clear sky
669,Ndele,CF,2022-07-20 14:31:14,8.4109,20.6473,78.21,78,96,3.09,light rain
670,Waingapu,ID,2022-07-20 14:31:14,-9.6567,120.2641,70.56,83,5,7.65,clear sky
671,Puerto Gaitan,CO,2022-07-20 14:31:15,4.3133,-72.0816,73.69,92,100,9.26,overcast clouds
672,Jizan,SA,2022-07-20 14:31:15,17.3333,42.6667,94.14,42,100,13.06,overcast clouds
673,Stornoway,GB,2022-07-20 14:31:16,58.2093,-6.3865,62.92,76,75,14.97,broken clouds
674,Viedma,AR,2022-07-20 14:30:28,-40.8135,-62.9967,59.74,29,70,24.07,broken clouds
675,Slavyanka,RU,2022-07-20 14:31:16,42.8633,131.3847,66.92,96,72,2.98,broken clouds
676,Paraiso,CR,2022-07-20 14:31:17,9.8383,-83.8656,73.89,89,96,3.96,overcast clouds
677,Carballo,ES,2022-07-20 14:31:17,43.213,-8.691,78.76,80,31,11.32,scattered clouds
678,Trelew,AR,2022-07-20 14:26:45,-43.249,-65.3051,54.77,54,91,14.81,overcast clouds
679,Maymyo,MM,2022-07-20 14:31:18,22.0333,96.4667,71.29,87,100,1.86,overcast clouds
680,Valley City,US,2022-07-20 14:31:18,46.9233,-98.0032,73.92,88,0,13.8,clear sky
681,Nerja,ES,2022-07-20 14:30:16,36.7585,-3.8873,107.78,60,0,5.01,clear sky
682,Eyl,SO,2022-07-20 14:31:19,7.9803,49.8164,83.03,44,86,19.15,overcast clouds
683,Kattivakkam,IN,2022-07-20 14:31:20,13.2167,80.3167,84.07,73,95,8.43,overcast clouds
684,Tupsan,PH,2022-07-20 14:31:20,9.1992,124.7769,82.0,78,74,4.61,broken clouds
685,Sumenep,ID,2022-07-20 14:31:21,-7.0167,113.8667,79.21,77,7,11.45,clear sky
686,Xinxiang,CN,2022-07-20 14:31:21,35.3089,113.8672,73.31,85,8,2.57,clear sky
687,Cururupu,BR,2022-07-20 14:31:22,-1.8283,-44.8683,87.62,56,23,3.44,few clouds
688,Chhatak,BD,2022-07-20 14:31:22,25.0333,91.6667,80.37,90,100,6.33,overcast clouds
689,Changji,CN,2022-07-20 14:31:23,44.0167,87.3167,77.79,27,0,2.24,clear sky
690,Chatrapur,IN,2022-07-20 14:31:23,19.35,84.9833,84.97,79,98,8.55,overcast clouds
691,Havre-Saint-Pierre,CA,2022-07-20 14:31:24,50.2334,-63.5986,68.36,83,75,10.36,broken clouds
692,Porto Seguro,BR,2022-07-20 14:31:24,-16.4497,-39.0647,72.12,88,75,3.44,broken clouds
